ce_num,strategy,epoch,accuracy,average_loss,lr,from_ground_zero,num_of_instances_per_epoch,num_of_artificial_instances
1,SubstitutionStrategy,1,0.8183213920163767,0.49941716847881196,0.1,False,5,5
1,SubstitutionStrategy,2,0.9672466734902764,0.34640919681518306,0.1,False,5,10
1,SubstitutionStrategy,1,0.7650972364380757,0.5468998282186447,0.01,False,5,5
1,SubstitutionStrategy,2,0.8300921187308086,0.48302351851617137,0.01,False,5,10
1,SubstitutionStrategy,3,0.8515864892528148,0.4625589809110088,0.01,False,5,15
1,SubstitutionStrategy,4,0.868474923234391,0.44432212075879496,0.01,False,5,20
1,SubstitutionStrategy,5,0.9216990788126919,0.39261251591867014,0.01,False,5,25
1,SubstitutionStrategy,6,0.9222108495394064,0.39120885537516686,0.01,False,5,30
1,SubstitutionStrategy,7,0.9518935516888434,0.36153023762087666,0.01,False,5,35
1,SubstitutionStrategy,1,0.7896622313203685,0.5243718326091766,0.001,False,5,5
1,SubstitutionStrategy,2,0.7952917093142272,0.517305992303356,0.001,False,5,10
1,SubstitutionStrategy,3,0.7998976458546572,0.5123801933180901,0.001,False,5,15
1,SubstitutionStrategy,4,0.8060388945752303,0.5071806446198495,0.001,False,5,20
1,SubstitutionStrategy,5,0.8551688843398157,0.4577790229551254,0.001,False,5,25
1,SubstitutionStrategy,6,0.8582395087001023,0.45505431102168176,0.001,False,5,30
1,SubstitutionStrategy,7,0.8623336745138178,0.45155937633206766,0.001,False,5,35
1,SubstitutionStrategy,8,0.8679631525076765,0.4448589846011131,0.001,False,5,40
1,SubstitutionStrategy,9,0.8843398157625384,0.4297627104866889,0.001,False,5,45
1,SubstitutionStrategy,10,0.8884339815762539,0.423705477868357,0.001,False,5,50
1,SubstitutionStrategy,11,0.890992835209826,0.423246483648977,0.001,False,5,55
1,SubstitutionStrategy,12,0.9078812691914022,0.4052579450991846,0.001,False,5,60
1,SubstitutionStrategy,13,0.9145342886386899,0.39830062274009953,0.001,False,5,65
1,SubstitutionStrategy,14,0.9211873080859775,0.391378068154858,0.001,False,5,70
1,SubstitutionStrategy,15,0.9303991811668373,0.3822548754753605,0.001,False,5,75
1,SubstitutionStrategy,16,0.9385875127942682,0.3747204205682201,0.001,False,5,80
1,SubstitutionStrategy,17,0.9416581371545547,0.3720620697544467,0.001,False,5,85
1,SubstitutionStrategy,18,0.9431934493346981,0.37009881004210443,0.001,False,5,90
1,SubstitutionStrategy,19,0.9462640736949847,0.36715392239632144,0.001,False,5,95
1,SubstitutionStrategy,20,0.9477993858751279,0.3655498796893704,0.001,False,5,100
1,SubstitutionStrategy,21,0.951381780962129,0.36217874384695486,0.001,False,5,105
1,MarginalizedSubstitutionStrategy,1,0.5916069600818833,0.7223748930038945,0.1,False,5,5
1,MarginalizedSubstitutionStrategy,2,0.7389969293756398,0.574832764364058,0.1,False,5,10
1,MarginalizedSubstitutionStrategy,3,0.8096212896622313,0.5021073299069558,0.1,False,5,15
1,MarginalizedSubstitutionStrategy,4,0.8142272262026612,0.5004685155807003,0.1,False,5,20
1,MarginalizedSubstitutionStrategy,5,0.8157625383828045,0.497143086887175,0.1,False,5,25
1,MarginalizedSubstitutionStrategy,6,0.951381780962129,0.3629236182858867,0.1,False,5,30
1,MarginalizedSubstitutionStrategy,1,0.6673490276356192,0.6452504896348522,0.01,False,5,5
1,MarginalizedSubstitutionStrategy,2,0.8546571136131014,0.4572903677340477,0.01,False,5,10
1,MarginalizedSubstitutionStrategy,3,0.8510747185261003,0.4628493574357802,0.01,False,5,15
1,MarginalizedSubstitutionStrategy,4,0.9472876151484135,0.36651497021798163,0.01,False,5,20
1,MarginalizedSubstitutionStrategy,5,0.9559877175025588,0.35852937256136247,0.01,False,5,25
1,MarginalizedSubstitutionStrategy,1,0.7993858751279427,0.5152619952155698,0.001,False,5,5
1,MarginalizedSubstitutionStrategy,2,0.8285568065506653,0.48536841619399285,0.001,False,5,10
1,MarginalizedSubstitutionStrategy,3,0.842374616171955,0.4715690805066016,0.001,False,5,15
1,MarginalizedSubstitutionStrategy,4,0.8607983623336745,0.45045916015102017,0.001,False,5,20
1,MarginalizedSubstitutionStrategy,5,0.8853633572159673,0.42752296789999933,0.001,False,5,25
1,MarginalizedSubstitutionStrategy,6,0.8966223132036848,0.41622194551652475,0.001,False,5,30
1,MarginalizedSubstitutionStrategy,7,0.917093142272262,0.39578696893107507,0.001,False,5,35
1,MarginalizedSubstitutionStrategy,8,0.9216990788126919,0.39084880967294017,0.001,False,5,40
1,MarginalizedSubstitutionStrategy,9,0.925281473899693,0.38676797862975826,0.001,False,5,45
1,MarginalizedSubstitutionStrategy,10,0.9278403275332651,0.3861099385446118,0.001,False,5,50
1,MarginalizedSubstitutionStrategy,11,0.9293756397134084,0.3845971813124995,0.001,False,5,55
1,MarginalizedSubstitutionStrategy,12,0.9314227226202662,0.3826485872268677,0.001,False,5,60
1,MarginalizedSubstitutionStrategy,13,0.9319344933469805,0.3820769334993055,0.001,False,5,65
1,MarginalizedSubstitutionStrategy,14,0.9401228249744115,0.37372855890181755,0.001,False,5,70
1,MarginalizedSubstitutionStrategy,15,0.9421699078812692,0.37213314348651516,0.001,False,5,75
1,MarginalizedSubstitutionStrategy,16,0.9437052200614124,0.36864037090732205,0.001,False,5,80
1,MarginalizedSubstitutionStrategy,17,0.9462640736949847,0.36715699107416216,0.001,False,5,85
1,MarginalizedSubstitutionStrategy,18,0.9472876151484135,0.365575828859883,0.001,False,5,90
1,MarginalizedSubstitutionStrategy,19,0.9493346980552713,0.36402364219388655,0.001,False,5,95
1,MarginalizedSubstitutionStrategy,20,0.9503582395087001,0.36207307634815095,0.001,False,5,100
1,AlternativeValueStrategy,1,0.7835209825997953,0.5299760901158855,0.1,False,5,5
1,AlternativeValueStrategy,2,0.8730808597748209,0.44014267959902365,0.1,False,5,10
1,AlternativeValueStrategy,3,0.9646878198567042,0.3489696681499481,0.1,False,5,15
1,AlternativeValueStrategy,1,0.8520982599795291,0.45958848537937286,0.01,False,5,5
1,AlternativeValueStrategy,2,0.9165813715455476,0.398091362368676,0.01,False,5,10
1,AlternativeValueStrategy,3,0.9094165813715456,0.40386082856885847,0.01,False,5,15
1,AlternativeValueStrategy,4,0.913510747185261,0.4012527600411446,0.01,False,5,20
1,AlternativeValueStrategy,5,0.9114636642784033,0.40134282362076545,0.01,False,5,25
1,AlternativeValueStrategy,6,0.9283520982599796,0.3844883547675225,0.01,False,5,30
1,AlternativeValueStrategy,7,0.9273285568065507,0.38508807843731296,0.01,False,5,35
1,AlternativeValueStrategy,8,0.9298874104401228,0.38498990381917647,0.01,False,5,40
1,AlternativeValueStrategy,9,0.9314227226202662,0.38328584451829234,0.01,False,5,45
1,AlternativeValueStrategy,10,0.9370522006141249,0.3766212271105859,0.01,False,5,50
1,AlternativeValueStrategy,11,0.9426816786079836,0.3706437983820515,0.01,False,5,55
1,AlternativeValueStrategy,12,0.951381780962129,0.36245624576845475,0.01,False,5,60
1,AlternativeValueStrategy,1,0.6054247697031729,0.7057778200795574,0.001,False,5,5
1,AlternativeValueStrategy,2,0.8055271238485159,0.5061284005641937,0.001,False,5,10
1,AlternativeValueStrategy,3,0.8485158648925282,0.4650418085436667,0.001,False,5,15
1,AlternativeValueStrategy,4,0.8848515864892528,0.4286594698506017,0.001,False,5,20
1,AlternativeValueStrategy,5,0.8925281473899693,0.42137566401112464,0.001,False,5,25
1,AlternativeValueStrategy,6,0.9145342886386899,0.3983630143827008,0.001,False,5,30
1,AlternativeValueStrategy,7,0.9222108495394064,0.39031895514457454,0.001,False,5,35
1,AlternativeValueStrategy,8,0.9283520982599796,0.38382629329158413,0.001,False,5,40
1,AlternativeValueStrategy,9,0.9309109518935517,0.38264020316062436,0.001,False,5,45
1,AlternativeValueStrategy,10,0.9350051177072671,0.37798556685447693,0.001,False,5,50
1,AlternativeValueStrategy,11,0.9380757420675537,0.37515837242526395,0.001,False,5,55
1,AlternativeValueStrategy,12,0.9411463664278403,0.37159852923885467,0.001,False,5,60
1,AlternativeValueStrategy,13,0.9431934493346981,0.3697041513458375,0.001,False,5,65
1,AlternativeValueStrategy,14,0.9437052200614124,0.3684797825351838,0.001,False,5,70
1,AlternativeValueStrategy,15,0.9472876151484135,0.3659269377108543,0.001,False,5,75
1,AlternativeValueStrategy,16,0.9508700102354145,0.3617929498995504,0.001,False,5,80
2,SubstitutionStrategy,1,0.8219037871033776,0.49435511904378093,0.1,False,5,10
2,SubstitutionStrategy,2,0.8654042988741044,0.4484813780553879,0.1,False,5,20
2,SubstitutionStrategy,3,0.8674513817809621,0.44558953085253317,0.1,False,5,30
2,SubstitutionStrategy,4,0.9022517911975435,0.4123095543153824,0.1,False,5,40
2,SubstitutionStrategy,5,0.9350051177072671,0.3777296466212119,0.1,False,5,50
2,SubstitutionStrategy,6,0.9580348004094166,0.3554831079898342,0.1,False,5,60
2,SubstitutionStrategy,1,0.8674513817809621,0.44634500530458265,0.01,False,5,10
2,SubstitutionStrategy,2,0.8771750255885363,0.4352894800324594,0.01,False,5,20
2,SubstitutionStrategy,3,0.8996929375639714,0.41302771625980256,0.01,False,5,30
2,SubstitutionStrategy,4,0.9278403275332651,0.3847292555916694,0.01,False,5,40
2,SubstitutionStrategy,5,0.9355168884339816,0.37743277319015994,0.01,False,5,50
2,SubstitutionStrategy,6,0.951381780962129,0.3616186341931743,0.01,False,5,60
2,SubstitutionStrategy,1,0.7947799385875128,0.5175616856544248,0.001,False,5,10
2,SubstitutionStrategy,2,0.8188331627430911,0.4943153973548643,0.001,False,5,20
2,SubstitutionStrategy,3,0.8265097236438076,0.4867439923747893,0.001,False,5,30
2,SubstitutionStrategy,4,0.8674513817809621,0.4469958755277818,0.001,False,5,40
2,SubstitutionStrategy,5,0.8807574206755373,0.43377331091511634,0.001,False,5,50
2,SubstitutionStrategy,6,0.8868986693961105,0.4273911647258266,0.001,False,5,60
2,SubstitutionStrategy,7,0.8935516888433982,0.4195096069766629,0.001,False,5,70
2,SubstitutionStrategy,8,0.901740020470829,0.4104697040973171,0.001,False,5,80
2,SubstitutionStrategy,9,0.9242579324462641,0.3895184801470849,0.001,False,5,90
2,SubstitutionStrategy,10,0.9396110542476971,0.37347858567391673,0.001,False,5,100
2,SubstitutionStrategy,11,0.9437052200614124,0.37049003185764434,0.001,False,5,110
2,SubstitutionStrategy,12,0.9488229273285568,0.3654482008949403,0.001,False,5,120
2,SubstitutionStrategy,13,0.9503582395087001,0.3631010276655997,0.001,False,5,130
2,MarginalizedSubstitutionStrategy,1,0.7835209825997953,0.5293275185169712,0.1,False,5,10
2,MarginalizedSubstitutionStrategy,2,0.901740020470829,0.41037599886617354,0.1,False,5,20
2,MarginalizedSubstitutionStrategy,3,0.9667349027635619,0.34689421230746853,0.1,False,5,30
2,MarginalizedSubstitutionStrategy,1,0.861310133060389,0.4507229443519346,0.01,False,5,10
2,MarginalizedSubstitutionStrategy,2,0.8940634595701126,0.4181961436425486,0.01,False,5,20
2,MarginalizedSubstitutionStrategy,3,0.8899692937563971,0.42289819544361484,0.01,False,5,30
2,MarginalizedSubstitutionStrategy,4,0.9032753326509724,0.4091245416671999,0.01,False,5,40
2,MarginalizedSubstitutionStrategy,5,0.917093142272262,0.39539894942314396,0.01,False,5,50
2,MarginalizedSubstitutionStrategy,6,0.9196519959058342,0.3950631993432199,0.01,False,5,60
2,MarginalizedSubstitutionStrategy,7,0.9508700102354145,0.36206670345798614,0.01,False,5,70
2,MarginalizedSubstitutionStrategy,1,0.7942681678607983,0.5193796619292228,0.001,False,5,10
2,MarginalizedSubstitutionStrategy,2,0.8382804503582395,0.47512488788174045,0.001,False,5,20
2,MarginalizedSubstitutionStrategy,3,0.8546571136131014,0.4591780391431624,0.001,False,5,30
2,MarginalizedSubstitutionStrategy,4,0.8853633572159673,0.43005254287873546,0.001,False,5,40
2,MarginalizedSubstitutionStrategy,5,0.8884339815762539,0.424782867393186,0.001,False,5,50
2,MarginalizedSubstitutionStrategy,6,0.8925281473899693,0.42046823232404645,0.001,False,5,60
2,MarginalizedSubstitutionStrategy,7,0.8966223132036848,0.4173850138341227,0.001,False,5,70
2,MarginalizedSubstitutionStrategy,8,0.8986693961105425,0.41460247289749885,0.001,False,5,80
2,MarginalizedSubstitutionStrategy,9,0.9078812691914022,0.40357281027301667,0.001,False,5,90
2,MarginalizedSubstitutionStrategy,10,0.9129989764585466,0.4002218150323437,0.001,False,5,100
2,MarginalizedSubstitutionStrategy,11,0.9145342886386899,0.3987013130418716,0.001,False,5,110
2,MarginalizedSubstitutionStrategy,12,0.9442169907881269,0.3696857786947681,0.001,False,5,120
2,MarginalizedSubstitutionStrategy,13,0.9498464687819856,0.3630752448112734,0.001,False,5,130
2,MarginalizedSubstitutionStrategy,14,0.9518935516888434,0.3607802160324589,0.001,False,5,140
2,AlternativeValueStrategy,1,0.853121801432958,0.46001105346987325,0.1,False,5,10
2,AlternativeValueStrategy,2,0.9073694984646878,0.4053810594543334,0.1,False,5,20
2,AlternativeValueStrategy,3,0.9078812691914022,0.4053217480259557,0.1,False,5,30
2,AlternativeValueStrategy,4,0.9605936540429887,0.3529529590760508,0.1,False,5,40
2,AlternativeValueStrategy,1,0.8730808597748209,0.4391793695188338,0.01,False,5,10
2,AlternativeValueStrategy,2,0.9155578300921188,0.3970769951420446,0.01,False,5,20
2,AlternativeValueStrategy,3,0.9191402251791198,0.39382418124906476,0.01,False,5,30
2,AlternativeValueStrategy,4,0.9176049129989765,0.39530028547010115,0.01,False,5,40
2,AlternativeValueStrategy,5,0.9257932446264073,0.388125378277994,0.01,False,5,50
2,AlternativeValueStrategy,6,0.9508700102354145,0.36283080520168426,0.01,False,5,60
2,AlternativeValueStrategy,1,0.8065506653019447,0.5062289170680507,0.001,False,5,10
2,AlternativeValueStrategy,2,0.8561924257932446,0.45665764808654785,0.001,False,5,20
2,AlternativeValueStrategy,3,0.9083930399181167,0.40492752675087224,0.001,False,5,30
2,AlternativeValueStrategy,4,0.9160696008188332,0.396862308825216,0.001,False,5,40
2,AlternativeValueStrategy,5,0.9201637666325486,0.3926073485805142,0.001,False,5,50
2,AlternativeValueStrategy,6,0.9303991811668373,0.3827001010217974,0.001,False,5,60
2,AlternativeValueStrategy,7,0.9319344933469805,0.38113543871910344,0.001,False,5,70
2,AlternativeValueStrategy,8,0.9401228249744115,0.37401518129533334,0.001,False,5,80
2,AlternativeValueStrategy,9,0.9421699078812692,0.3715516021174769,0.001,False,5,90
2,AlternativeValueStrategy,10,0.9452405322415558,0.3676386014107735,0.001,False,5,100
2,AlternativeValueStrategy,11,0.9477993858751279,0.3657301414397455,0.001,False,5,110
2,AlternativeValueStrategy,12,0.9508700102354145,0.3624713334345048,0.001,False,5,120
3,SubstitutionStrategy,1,0.8178096212896623,0.495747858478177,0.1,False,5,15
3,SubstitutionStrategy,2,0.898157625383828,0.4161814979968532,0.1,False,5,30
3,SubstitutionStrategy,3,0.8940634595701126,0.41838661701448504,0.1,False,5,45
3,SubstitutionStrategy,4,0.9201637666325486,0.3923618851169463,0.1,False,5,60
3,SubstitutionStrategy,5,0.9222108495394064,0.39062707078072334,0.1,False,5,75
3,SubstitutionStrategy,6,0.9227226202661207,0.3898983770801175,0.1,False,5,90
3,SubstitutionStrategy,7,0.9677584442169908,0.345005912165488,0.1,False,5,105
3,SubstitutionStrategy,1,0.7226202661207779,0.590512712155619,0.01,False,5,15
3,SubstitutionStrategy,2,0.8316274309109519,0.4807133270848182,0.01,False,5,30
3,SubstitutionStrategy,3,0.9237461617195496,0.38976475019608775,0.01,False,5,45
3,SubstitutionStrategy,4,0.9232343909928352,0.3890204843013517,0.01,False,5,60
3,SubstitutionStrategy,5,0.9242579324462641,0.3892074563810902,0.01,False,5,75
3,SubstitutionStrategy,6,0.9303991811668373,0.3822548697071691,0.01,False,5,90
3,SubstitutionStrategy,7,0.9442169907881269,0.36864838773204434,0.01,False,5,105
3,SubstitutionStrategy,8,0.9457523029682702,0.3680284773149798,0.01,False,5,120
3,SubstitutionStrategy,9,0.9564994882292733,0.35610451140711386,0.01,False,5,135
3,SubstitutionStrategy,1,0.8357215967246674,0.47677862163512935,0.001,False,5,15
3,SubstitutionStrategy,2,0.868474923234391,0.44435417652130127,0.001,False,5,30
3,SubstitutionStrategy,3,0.9002047082906858,0.41259861376977736,0.001,False,5,45
3,SubstitutionStrategy,4,0.9078812691914022,0.4060816053421267,0.001,False,5,60
3,SubstitutionStrategy,5,0.9375639713408394,0.3751861991420869,0.001,False,5,75
3,SubstitutionStrategy,6,0.9411463664278403,0.3725679612928821,0.001,False,5,90
3,SubstitutionStrategy,7,0.9431934493346981,0.3693041426520194,0.001,False,5,105
3,SubstitutionStrategy,8,0.9452405322415558,0.36763789576868855,0.001,False,5,120
3,SubstitutionStrategy,9,0.9462640736949847,0.3669787049293518,0.001,False,5,135
3,SubstitutionStrategy,10,0.9483111566018424,0.3641860206280985,0.001,False,5,150
3,SubstitutionStrategy,11,0.9493346980552713,0.3631839483014999,0.001,False,5,165
3,SubstitutionStrategy,12,0.9493346980552713,0.3639183669320999,0.001,False,5,180
3,SubstitutionStrategy,13,0.9498464687819856,0.363546633912671,0.001,False,5,195
3,SubstitutionStrategy,14,0.9493346980552713,0.36360786038060344,0.001,False,5,210
3,SubstitutionStrategy,15,0.9508700102354145,0.3625372148329212,0.001,False,5,225
3,MarginalizedSubstitutionStrategy,1,0.8602865916069601,0.45173989380559615,0.1,False,5,15
3,MarginalizedSubstitutionStrategy,2,0.8500511770726714,0.4627207613760425,0.1,False,5,30
3,MarginalizedSubstitutionStrategy,3,0.8597748208802457,0.4522897918378153,0.1,False,5,45
3,MarginalizedSubstitutionStrategy,4,0.8996929375639714,0.4129378968669522,0.1,False,5,60
3,MarginalizedSubstitutionStrategy,5,0.90992835209826,0.402460471276314,0.1,False,5,75
3,MarginalizedSubstitutionStrategy,6,0.9600818833162743,0.352576264450627,0.1,False,5,90
3,MarginalizedSubstitutionStrategy,1,0.8019447287615148,0.512260906157955,0.01,False,5,15
3,MarginalizedSubstitutionStrategy,2,0.8582395087001023,0.45599624418443246,0.01,False,5,30
3,MarginalizedSubstitutionStrategy,3,0.8807574206755373,0.4312759974310475,0.01,False,5,45
3,MarginalizedSubstitutionStrategy,4,0.8746161719549642,0.4371958634545726,0.01,False,5,60
3,MarginalizedSubstitutionStrategy,5,0.8710337768679631,0.44380357765382333,0.01,False,5,75
3,MarginalizedSubstitutionStrategy,6,0.8700102354145343,0.44306507322096056,0.01,False,5,90
3,MarginalizedSubstitutionStrategy,7,0.890992835209826,0.4224441426415597,0.01,False,5,105
3,MarginalizedSubstitutionStrategy,8,0.9089048106448311,0.4034234400718443,0.01,False,5,120
3,MarginalizedSubstitutionStrategy,9,0.9089048106448311,0.40431416707654155,0.01,False,5,135
3,MarginalizedSubstitutionStrategy,10,0.9037871033776868,0.4091492276037893,0.01,False,5,150
3,MarginalizedSubstitutionStrategy,11,0.9002047082906858,0.41288215498770436,0.01,False,5,165
3,MarginalizedSubstitutionStrategy,12,0.9114636642784033,0.4013484149209915,0.01,False,5,180
3,MarginalizedSubstitutionStrategy,13,0.9201637666325486,0.39233559946860036,0.01,False,5,195
3,MarginalizedSubstitutionStrategy,14,0.936028659160696,0.37804045504139316,0.01,False,5,210
3,MarginalizedSubstitutionStrategy,15,0.9544524053224156,0.3594547635124576,0.01,False,5,225
3,MarginalizedSubstitutionStrategy,1,0.8290685772773797,0.48394188188737436,0.001,False,5,15
3,MarginalizedSubstitutionStrategy,2,0.8648925281473899,0.44772850217357757,0.001,False,5,30
3,MarginalizedSubstitutionStrategy,3,0.8940634595701126,0.4183976006123327,0.001,False,5,45
3,MarginalizedSubstitutionStrategy,4,0.9032753326509724,0.4092510073415695,0.001,False,5,60
3,MarginalizedSubstitutionStrategy,5,0.9104401228249744,0.4032442915824152,0.001,False,5,75
3,MarginalizedSubstitutionStrategy,6,0.9196519959058342,0.39328397185571734,0.001,False,5,90
3,MarginalizedSubstitutionStrategy,7,0.9273285568065507,0.386631372474855,0.001,False,5,105
3,MarginalizedSubstitutionStrategy,8,0.9314227226202662,0.38047411557166805,0.001,False,5,120
3,MarginalizedSubstitutionStrategy,9,0.9380757420675537,0.37502804975355825,0.001,False,5,135
3,MarginalizedSubstitutionStrategy,10,0.9426816786079836,0.3697564217352098,0.001,False,5,150
3,MarginalizedSubstitutionStrategy,11,0.9442169907881269,0.3688960209969551,0.001,False,5,165
3,MarginalizedSubstitutionStrategy,12,0.946775844421699,0.36628817454461127,0.001,False,5,180
3,MarginalizedSubstitutionStrategy,13,0.9508700102354145,0.36273001278600386,0.001,False,5,195
3,AlternativeValueStrategy,1,0.8132036847492323,0.5012524502892648,0.1,False,5,15
3,AlternativeValueStrategy,2,0.8858751279426816,0.4271080147835516,0.1,False,5,30
3,AlternativeValueStrategy,3,0.9012282497441146,0.41095715568911645,0.1,False,5,45
3,AlternativeValueStrategy,4,0.906345957011259,0.4061389248217306,0.1,False,5,60
3,AlternativeValueStrategy,5,0.9314227226202662,0.38124664368168,0.1,False,5,75
3,AlternativeValueStrategy,6,0.9626407369498464,0.35049915217584177,0.1,False,5,90
3,AlternativeValueStrategy,1,0.9191402251791198,0.39512251750115424,0.01,False,5,15
3,AlternativeValueStrategy,2,0.9396110542476971,0.37336267867395956,0.01,False,5,30
3,AlternativeValueStrategy,3,0.9401228249744115,0.37315948932401594,0.01,False,5,45
3,AlternativeValueStrategy,4,0.9524053224155579,0.3601918393565762,0.01,False,5,60
3,AlternativeValueStrategy,1,0.8050153531218014,0.5085515831747363,0.001,False,5,15
3,AlternativeValueStrategy,2,0.8976458546571137,0.41629727521250326,0.001,False,5,30
3,AlternativeValueStrategy,3,0.9191402251791198,0.39332262931331513,0.001,False,5,45
3,AlternativeValueStrategy,4,0.9263050153531218,0.3866352842700097,0.001,False,5,60
3,AlternativeValueStrategy,5,0.9350051177072671,0.3786930807175175,0.001,False,5,75
3,AlternativeValueStrategy,6,0.9375639713408394,0.37524583070508893,0.001,False,5,90
3,AlternativeValueStrategy,7,0.9503582395087001,0.3627546400793137,0.001,False,5,105
4,SubstitutionStrategy,1,0.6105424769703173,0.7036471751428419,0.1,False,5,20
4,SubstitutionStrategy,2,0.8505629477993859,0.46314540889955336,0.1,False,5,40
4,SubstitutionStrategy,3,0.8781985670419652,0.434515961716252,0.1,False,5,60
4,SubstitutionStrategy,4,0.9677584442169908,0.34546051294572894,0.1,False,5,80
4,SubstitutionStrategy,1,0.8700102354145343,0.4424882646529905,0.01,False,5,20
4,SubstitutionStrategy,2,0.8771750255885363,0.4356562254890319,0.01,False,5,40
4,SubstitutionStrategy,3,0.8996929375639714,0.4129546832653784,0.01,False,5,60
4,SubstitutionStrategy,4,0.8986693961105425,0.4130728888896204,0.01,False,5,80
4,SubstitutionStrategy,5,0.9237461617195496,0.3897079565832692,0.01,False,5,100
4,SubstitutionStrategy,6,0.9529170931422722,0.35963571840716946,0.01,False,5,120
4,SubstitutionStrategy,1,0.8648925281473899,0.4476968838322547,0.001,False,5,20
4,SubstitutionStrategy,2,0.8700102354145343,0.44463573252001115,0.001,False,5,40
4,SubstitutionStrategy,3,0.8966223132036848,0.4169239305680798,0.001,False,5,60
4,SubstitutionStrategy,4,0.9022517911975435,0.40917085832165134,0.001,False,5,80
4,SubstitutionStrategy,5,0.917093142272262,0.39584136393762404,0.001,False,5,100
4,SubstitutionStrategy,6,0.9191402251791198,0.3955662961929075,0.001,False,5,120
4,SubstitutionStrategy,7,0.9201637666325486,0.39224587813500433,0.001,False,5,140
4,SubstitutionStrategy,8,0.9370522006141249,0.3761471365728686,0.001,False,5,160
4,SubstitutionStrategy,9,0.9406345957011258,0.37268885008750424,0.001,False,5,180
4,SubstitutionStrategy,10,0.9421699078812692,0.37110398373296183,0.001,False,5,200
4,SubstitutionStrategy,11,0.9442169907881269,0.36909171650486605,0.001,False,5,220
4,SubstitutionStrategy,12,0.946775844421699,0.36577113213077667,0.001,False,5,240
4,SubstitutionStrategy,13,0.9508700102354145,0.3626285925988228,0.001,False,5,260
4,MarginalizedSubstitutionStrategy,1,0.7983623336745138,0.516459632304407,0.1,False,5,20
4,MarginalizedSubstitutionStrategy,2,0.8014329580348004,0.5143354227465968,0.1,False,5,40
4,MarginalizedSubstitutionStrategy,3,0.9053224155578301,0.406510305020117,0.1,False,5,60
4,MarginalizedSubstitutionStrategy,4,0.9426816786079836,0.36992280425563934,0.1,False,5,80
4,MarginalizedSubstitutionStrategy,5,0.9385875127942682,0.37690431360275517,0.1,False,5,100
4,MarginalizedSubstitutionStrategy,6,0.9488229273285568,0.36491252914551764,0.1,False,5,120
4,MarginalizedSubstitutionStrategy,7,0.9518935516888434,0.3608152327998992,0.1,False,5,140
4,MarginalizedSubstitutionStrategy,1,0.8398157625383829,0.4716348994162775,0.01,False,5,20
4,MarginalizedSubstitutionStrategy,2,0.936028659160696,0.3765490891471986,0.01,False,5,40
4,MarginalizedSubstitutionStrategy,3,0.9477993858751279,0.36597329281991525,0.01,False,5,60
4,MarginalizedSubstitutionStrategy,4,0.9503582395087001,0.3625520429303569,0.01,False,5,80
4,MarginalizedSubstitutionStrategy,1,0.7333674513817809,0.5791978240013123,0.001,False,5,20
4,MarginalizedSubstitutionStrategy,2,0.81985670419652,0.49328392359518236,0.001,False,5,40
4,MarginalizedSubstitutionStrategy,3,0.8439099283520982,0.4694296852234871,0.001,False,5,60
4,MarginalizedSubstitutionStrategy,4,0.8894575230296827,0.4238890582515347,0.001,False,5,80
4,MarginalizedSubstitutionStrategy,5,0.9201637666325486,0.3926157047671656,0.001,False,5,100
4,MarginalizedSubstitutionStrategy,6,0.9303991811668373,0.383161211206067,0.001,False,5,120
4,MarginalizedSubstitutionStrategy,7,0.9370522006141249,0.3754752268714289,0.001,False,5,140
4,MarginalizedSubstitutionStrategy,8,0.9385875127942682,0.3746345293137335,0.001,False,5,160
4,MarginalizedSubstitutionStrategy,9,0.9426816786079836,0.3715210633893167,0.001,False,5,180
4,MarginalizedSubstitutionStrategy,10,0.9431934493346981,0.3709882709287828,0.001,False,5,200
4,MarginalizedSubstitutionStrategy,11,0.9457523029682702,0.3671338961970422,0.001,False,5,220
4,MarginalizedSubstitutionStrategy,12,0.9462640736949847,0.36697713309718716,0.001,False,5,240
4,MarginalizedSubstitutionStrategy,13,0.9483111566018424,0.3646191608521246,0.001,False,5,260
4,MarginalizedSubstitutionStrategy,14,0.9503582395087001,0.36258584068667504,0.001,False,5,280
4,AlternativeValueStrategy,1,0.8781985670419652,0.43451808633342864,0.1,False,5,20
4,AlternativeValueStrategy,2,0.9605936540429887,0.352982057679084,0.1,False,5,40
4,AlternativeValueStrategy,1,0.8520982599795291,0.4602950244180618,0.01,False,5,20
4,AlternativeValueStrategy,2,0.8950870010235414,0.41750168031261814,0.01,False,5,40
4,AlternativeValueStrategy,3,0.9150460593654043,0.3990252229475206,0.01,False,5,60
4,AlternativeValueStrategy,4,0.9344933469805528,0.3795568145090534,0.01,False,5,80
4,AlternativeValueStrategy,5,0.9385875127942682,0.37496002258793,0.01,False,5,100
4,AlternativeValueStrategy,6,0.9431934493346981,0.37054652744723904,0.01,False,5,120
4,AlternativeValueStrategy,7,0.9411463664278403,0.37167004616029803,0.01,False,5,140
4,AlternativeValueStrategy,8,0.9426816786079836,0.3701513563433001,0.01,False,5,160
4,AlternativeValueStrategy,9,0.9442169907881269,0.3682048013133387,0.01,False,5,180
4,AlternativeValueStrategy,10,0.9457523029682702,0.3671363438329389,0.01,False,5,200
4,AlternativeValueStrategy,11,0.9457523029682702,0.36781116454832014,0.01,False,5,220
4,AlternativeValueStrategy,12,0.9457523029682702,0.36802229092967126,0.01,False,5,240
4,AlternativeValueStrategy,13,0.951381780962129,0.3618747188198951,0.01,False,5,260
4,AlternativeValueStrategy,1,0.8643807574206755,0.44875226770677873,0.001,False,5,20
4,AlternativeValueStrategy,2,0.8741044012282497,0.44052216795182997,0.001,False,5,40
4,AlternativeValueStrategy,3,0.8976458546571137,0.41866991308427626,0.001,False,5,60
4,AlternativeValueStrategy,4,0.917093142272262,0.3946387787019053,0.001,False,5,80
4,AlternativeValueStrategy,5,0.9257932446264073,0.38817215254229887,0.001,False,5,100
4,AlternativeValueStrategy,6,0.932446264073695,0.38157816856138166,0.001,False,5,120
4,AlternativeValueStrategy,7,0.9437052200614124,0.3704842338638921,0.001,False,5,140
4,AlternativeValueStrategy,8,0.9452405322415558,0.3675822279145641,0.001,False,5,160
4,AlternativeValueStrategy,9,0.9472876151484135,0.3651769228519932,0.001,False,5,180
4,AlternativeValueStrategy,10,0.9493346980552713,0.3644984258759406,0.001,False,5,200
4,AlternativeValueStrategy,11,0.9493346980552713,0.3640481339346978,0.001,False,5,220
4,AlternativeValueStrategy,12,0.9508700102354145,0.361976271675479,0.001,False,5,240
5,SubstitutionStrategy,1,0.8792221084953941,0.4335492157167004,0.1,False,5,25
5,SubstitutionStrategy,2,0.8858751279426816,0.4261180220111724,0.1,False,5,50
5,SubstitutionStrategy,3,0.9733879222108496,0.3394714257409496,0.1,False,5,75
5,SubstitutionStrategy,1,0.8039918116683725,0.5080087156065048,0.01,False,5,25
5,SubstitutionStrategy,2,0.8541453428863869,0.458279340497909,0.01,False,5,50
5,SubstitutionStrategy,3,0.9032753326509724,0.40947314327762974,0.01,False,5,75
5,SubstitutionStrategy,4,0.9104401228249744,0.4019450266515055,0.01,False,5,100
5,SubstitutionStrategy,5,0.9237461617195496,0.39046330701920295,0.01,False,5,125
5,SubstitutionStrategy,6,0.9227226202661207,0.3915966566531889,0.01,False,5,150
5,SubstitutionStrategy,7,0.9442169907881269,0.3686589512132829,0.01,False,5,175
5,SubstitutionStrategy,8,0.9534288638689867,0.36048911367693254,0.01,False,5,200
5,SubstitutionStrategy,1,0.8408393039918116,0.47311323785012765,0.001,False,5,25
5,SubstitutionStrategy,2,0.9037871033776868,0.409972632123578,0.001,False,5,50
5,SubstitutionStrategy,3,0.9109518935516888,0.4023952157266678,0.001,False,5,75
5,SubstitutionStrategy,4,0.9278403275332651,0.38522244653394144,0.001,False,5,100
5,SubstitutionStrategy,5,0.9314227226202662,0.3813724344776523,0.001,False,5,125
5,SubstitutionStrategy,6,0.9370522006141249,0.378496132550701,0.001,False,5,150
5,SubstitutionStrategy,7,0.9375639713408394,0.3765326209606663,0.001,False,5,175
5,SubstitutionStrategy,8,0.9375639713408394,0.3765210134367789,0.001,False,5,200
5,SubstitutionStrategy,9,0.946775844421699,0.3661257355443893,0.001,False,5,225
5,SubstitutionStrategy,10,0.951381780962129,0.36174749847381343,0.001,False,5,250
5,MarginalizedSubstitutionStrategy,1,0.8935516888433982,0.4198794316860937,0.1,False,5,25
5,MarginalizedSubstitutionStrategy,2,0.9124872057318322,0.4012369263556696,0.1,False,5,50
5,MarginalizedSubstitutionStrategy,3,0.9150460593654043,0.3976959413097751,0.1,False,5,75
5,MarginalizedSubstitutionStrategy,4,0.913510747185261,0.40023319855813055,0.1,False,5,100
5,MarginalizedSubstitutionStrategy,5,0.9534288638689867,0.3595734296306487,0.1,False,5,125
5,MarginalizedSubstitutionStrategy,1,0.8167860798362334,0.49707168917502126,0.01,False,5,25
5,MarginalizedSubstitutionStrategy,2,0.8147389969293757,0.49743999781147125,0.01,False,5,50
5,MarginalizedSubstitutionStrategy,3,0.9165813715455476,0.39714593368191875,0.01,False,5,75
5,MarginalizedSubstitutionStrategy,4,0.925281473899693,0.3872854084737839,0.01,False,5,100
5,MarginalizedSubstitutionStrategy,5,0.9293756397134084,0.38370674367873897,0.01,False,5,125
5,MarginalizedSubstitutionStrategy,6,0.9626407369498464,0.3505001885275687,0.01,False,5,150
5,MarginalizedSubstitutionStrategy,1,0.8582395087001023,0.45318936340270505,0.001,False,5,25
5,MarginalizedSubstitutionStrategy,2,0.8955987717502559,0.4169815769118647,0.001,False,5,50
5,MarginalizedSubstitutionStrategy,3,0.9268167860798362,0.3870830064819705,0.001,False,5,75
5,MarginalizedSubstitutionStrategy,4,0.9426816786079836,0.3694581764359628,0.001,False,5,100
5,MarginalizedSubstitutionStrategy,5,0.946775844421699,0.3661259633879508,0.001,False,5,125
5,MarginalizedSubstitutionStrategy,6,0.946775844421699,0.3661259547356636,0.001,False,5,150
5,MarginalizedSubstitutionStrategy,7,0.946775844421699,0.3679047765270356,0.001,False,5,175
5,MarginalizedSubstitutionStrategy,8,0.9488229273285568,0.3639722062695411,0.001,False,5,200
5,MarginalizedSubstitutionStrategy,9,0.951381780962129,0.36203070321390707,0.001,False,5,225
5,AlternativeValueStrategy,1,0.8659160696008188,0.447986445119304,0.1,False,5,25
5,AlternativeValueStrategy,2,0.9529170931422722,0.36045084557225626,0.1,False,5,50
5,AlternativeValueStrategy,1,0.8418628454452405,0.47277725319708547,0.01,False,5,25
5,AlternativeValueStrategy,2,0.9375639713408394,0.37470810451815206,0.01,False,5,50
5,AlternativeValueStrategy,3,0.9518935516888434,0.3619845846006947,0.01,False,5,75
5,AlternativeValueStrategy,1,0.882804503582395,0.4294175774820389,0.001,False,5,25
5,AlternativeValueStrategy,2,0.9181166837256909,0.394257313782169,0.001,False,5,50
5,AlternativeValueStrategy,3,0.9401228249744115,0.3726774415662212,0.001,False,5,75
5,AlternativeValueStrategy,4,0.9508700102354145,0.36210364680136403,0.001,False,5,100
