ce_num,strategy,epoch,accuracy,average_loss,lr,from_ground_zero,num_of_instances_per_epoch,num_of_artificial_instances
1,SubstitutionStrategy,1,0.8797338792221086,0.43398740310822764,0.1,True,5,5
1,SubstitutionStrategy,2,0.932446264073695,0.3809825220415669,0.1,True,5,10
1,SubstitutionStrategy,3,0.9309109518935517,0.3822935636966459,0.1,True,5,15
1,SubstitutionStrategy,4,0.9329580348004094,0.3797877892371147,0.1,True,5,20
1,SubstitutionStrategy,5,0.9431934493346981,0.3705435308717912,0.1,True,5,25
1,SubstitutionStrategy,6,0.9590583418628454,0.353584393378227,0.1,True,5,30
1,SubstitutionStrategy,1,0.5977482088024565,0.7144670563359414,0.01,True,5,5
1,SubstitutionStrategy,2,0.9114636642784033,0.4035411400179709,0.01,True,5,10
1,SubstitutionStrategy,3,0.9155578300921188,0.3971039873938407,0.01,True,5,15
1,SubstitutionStrategy,4,0.9129989764585466,0.3993996872055915,0.01,True,5,20
1,SubstitutionStrategy,5,0.9355168884339816,0.37806049181569007,0.01,True,5,25
1,SubstitutionStrategy,6,0.9396110542476971,0.3729505144780682,0.01,True,5,30
1,SubstitutionStrategy,7,0.951381780962129,0.3624882573081601,0.01,True,5,35
1,SubstitutionStrategy,1,0.7968270214943706,0.5173763075182515,0.001,True,5,5
1,SubstitutionStrategy,2,0.8183213920163767,0.4954133226025489,0.001,True,5,10
1,SubstitutionStrategy,3,0.8439099283520982,0.4684805081736657,0.001,True,5,15
1,SubstitutionStrategy,4,0.887410440122825,0.4260232304373095,0.001,True,5,20
1,SubstitutionStrategy,5,0.901740020470829,0.4123303871000967,0.001,True,5,25
1,SubstitutionStrategy,6,0.9094165813715456,0.40352350184994357,0.001,True,5,30
1,SubstitutionStrategy,7,0.9145342886386899,0.39834046363830566,0.001,True,5,35
1,SubstitutionStrategy,8,0.9211873080859775,0.3917310420543917,0.001,True,5,40
1,SubstitutionStrategy,9,0.9283520982599796,0.38410092169238674,0.001,True,5,45
1,SubstitutionStrategy,10,0.9329580348004094,0.3798239827156067,0.001,True,5,50
1,SubstitutionStrategy,11,0.9365404298874105,0.37726307972784967,0.001,True,5,55
1,SubstitutionStrategy,12,0.9406345957011258,0.3720610151367803,0.001,True,5,60
1,SubstitutionStrategy,13,0.9431934493346981,0.3696045827481054,0.001,True,5,65
1,SubstitutionStrategy,14,0.9447287615148413,0.3685866603928228,0.001,True,5,70
1,SubstitutionStrategy,15,0.9442169907881269,0.3695354240555917,0.001,True,5,75
1,SubstitutionStrategy,16,0.9488229273285568,0.36510602024293715,0.001,True,5,80
1,SubstitutionStrategy,17,0.9508700102354145,0.3620981689422361,0.001,True,5,85
1,MarginalizedSubstitutionStrategy,1,0.7523029682702149,0.5611442962000447,0.1,True,5,5
1,MarginalizedSubstitutionStrategy,2,0.7789150460593655,0.5328866003021118,0.1,True,5,10
1,MarginalizedSubstitutionStrategy,3,0.9129989764585466,0.3998236060142517,0.1,True,5,15
1,MarginalizedSubstitutionStrategy,4,0.9216990788126919,0.3915087532612585,0.1,True,5,20
1,MarginalizedSubstitutionStrategy,5,0.9554759467758445,0.35844723639949677,0.1,True,5,25
1,MarginalizedSubstitutionStrategy,1,0.8254861821903787,0.4872617961898927,0.01,True,5,5
1,MarginalizedSubstitutionStrategy,2,0.8587512794268168,0.4533844128731758,0.01,True,5,10
1,MarginalizedSubstitutionStrategy,3,0.8741044012282497,0.43861561532943477,0.01,True,5,15
1,MarginalizedSubstitutionStrategy,4,0.8741044012282497,0.43903050884123773,0.01,True,5,20
1,MarginalizedSubstitutionStrategy,5,0.8879222108495394,0.42530533959788663,0.01,True,5,25
1,MarginalizedSubstitutionStrategy,6,0.8863868986693961,0.42770792880365927,0.01,True,5,30
1,MarginalizedSubstitutionStrategy,7,0.9150460593654043,0.39737033747857614,0.01,True,5,35
1,MarginalizedSubstitutionStrategy,8,0.9129989764585466,0.39984089809079326,0.01,True,5,40
1,MarginalizedSubstitutionStrategy,9,0.9129989764585466,0.40162693781237446,0.01,True,5,45
1,MarginalizedSubstitutionStrategy,10,0.9124872057318322,0.40051184834972503,0.01,True,5,50
1,MarginalizedSubstitutionStrategy,11,0.9129989764585466,0.40076076503722896,0.01,True,5,55
1,MarginalizedSubstitutionStrategy,12,0.9298874104401228,0.3840924530260025,0.01,True,5,60
1,MarginalizedSubstitutionStrategy,13,0.9334698055271239,0.37967800613372554,0.01,True,5,65
1,MarginalizedSubstitutionStrategy,14,0.9355168884339816,0.3772145480878891,0.01,True,5,70
1,MarginalizedSubstitutionStrategy,15,0.9503582395087001,0.3631793683575046,0.01,True,5,75
1,MarginalizedSubstitutionStrategy,1,0.6038894575230297,0.709494742654985,0.001,True,5,5
1,MarginalizedSubstitutionStrategy,2,0.8393039918116684,0.4747316741174267,0.001,True,5,10
1,MarginalizedSubstitutionStrategy,3,0.8792221084953941,0.43474484259082424,0.001,True,5,15
1,MarginalizedSubstitutionStrategy,4,0.8996929375639714,0.4129077273030435,0.001,True,5,20
1,MarginalizedSubstitutionStrategy,5,0.9109518935516888,0.4036334753036499,0.001,True,5,25
1,MarginalizedSubstitutionStrategy,6,0.9124872057318322,0.4005587379778585,0.001,True,5,30
1,MarginalizedSubstitutionStrategy,7,0.9191402251791198,0.39394098424142404,0.001,True,5,35
1,MarginalizedSubstitutionStrategy,8,0.9227226202661207,0.3898153535781368,0.001,True,5,40
1,MarginalizedSubstitutionStrategy,9,0.9257932446264073,0.3869802326925339,0.001,True,5,45
1,MarginalizedSubstitutionStrategy,10,0.9293756397134084,0.38376635024624484,0.001,True,5,50
1,MarginalizedSubstitutionStrategy,11,0.9303991811668373,0.38263562321662903,0.001,True,5,55
1,MarginalizedSubstitutionStrategy,12,0.9344933469805528,0.3782128605150407,0.001,True,5,60
1,MarginalizedSubstitutionStrategy,13,0.9355168884339816,0.3772140856712095,0.001,True,5,65
1,MarginalizedSubstitutionStrategy,14,0.9329580348004094,0.3797256715836064,0.001,True,5,70
1,MarginalizedSubstitutionStrategy,15,0.9380757420675537,0.37691870139491174,0.001,True,5,75
1,MarginalizedSubstitutionStrategy,16,0.9390992835209826,0.37369089165041525,0.001,True,5,80
1,MarginalizedSubstitutionStrategy,17,0.9390992835209826,0.37419579971221184,0.001,True,5,85
1,MarginalizedSubstitutionStrategy,18,0.9396110542476971,0.3731856000038885,0.001,True,5,90
1,MarginalizedSubstitutionStrategy,19,0.9457523029682702,0.36656005151810184,0.001,True,5,95
1,MarginalizedSubstitutionStrategy,20,0.9483111566018424,0.3646495899846477,0.001,True,5,100
1,MarginalizedSubstitutionStrategy,21,0.9508700102354145,0.3625497529583593,0.001,True,5,105
1,AlternativeValueStrategy,1,0.9089048106448311,0.40510143772248297,0.1,True,5,5
1,AlternativeValueStrategy,2,0.9053224155578301,0.4078138355285891,0.1,True,5,10
1,AlternativeValueStrategy,3,0.9600818833162743,0.35267331619416514,0.1,True,5,15
1,AlternativeValueStrategy,1,0.7850562947799385,0.5279778645884606,0.01,True,5,5
1,AlternativeValueStrategy,2,0.8085977482088025,0.5048828413409572,0.01,True,5,10
1,AlternativeValueStrategy,3,0.882804503582395,0.43076885227234135,0.01,True,5,15
1,AlternativeValueStrategy,4,0.8889457523029682,0.42579058581782925,0.01,True,5,20
1,AlternativeValueStrategy,5,0.8930399181166837,0.421087239057787,0.01,True,5,25
1,AlternativeValueStrategy,6,0.90992835209826,0.4036313429955513,0.01,True,5,30
1,AlternativeValueStrategy,7,0.9380757420675537,0.37612756413798176,0.01,True,5,35
1,AlternativeValueStrategy,8,0.9350051177072671,0.37860805373038015,0.01,True,5,40
1,AlternativeValueStrategy,9,0.9380757420675537,0.37469352541431306,0.01,True,5,45
1,AlternativeValueStrategy,10,0.9518935516888434,0.36153038182566244,0.01,True,5,50
1,AlternativeValueStrategy,1,0.7287615148413511,0.5854414489961439,0.001,True,5,5
1,AlternativeValueStrategy,2,0.7865916069600819,0.5253855922529774,0.001,True,5,10
1,AlternativeValueStrategy,3,0.8265097236438076,0.4863522716106907,0.001,True,5,15
1,AlternativeValueStrategy,4,0.8464687819856704,0.4655207376326284,0.001,True,5,20
1,AlternativeValueStrategy,5,0.8868986693961105,0.4259765638459113,0.001,True,5,25
1,AlternativeValueStrategy,6,0.8920163766632548,0.4201643880336515,0.001,True,5,30
1,AlternativeValueStrategy,7,0.9022517911975435,0.41064692120398244,0.001,True,5,35
1,AlternativeValueStrategy,8,0.9191402251791198,0.3933247895010056,0.001,True,5,40
1,AlternativeValueStrategy,9,0.9268167860798362,0.38708248638337656,0.001,True,5,45
1,AlternativeValueStrategy,10,0.9303991811668373,0.3835804404750947,0.001,True,5,50
1,AlternativeValueStrategy,11,0.9355168884339816,0.3772124167411558,0.001,True,5,55
1,AlternativeValueStrategy,12,0.9390992835209826,0.3742239119545106,0.001,True,5,60
1,AlternativeValueStrategy,13,0.9401228249744115,0.3731230180109701,0.001,True,5,65
1,AlternativeValueStrategy,14,0.9401228249744115,0.3737711493046053,0.001,True,5,70
1,AlternativeValueStrategy,15,0.9416581371545547,0.37243770399401266,0.001,True,5,75
1,AlternativeValueStrategy,16,0.9426816786079836,0.3706098121981467,0.001,True,5,80
1,AlternativeValueStrategy,17,0.9477993858751279,0.36582406682352864,0.001,True,5,85
1,AlternativeValueStrategy,18,0.9488229273285568,0.36499998934807315,0.001,True,5,90
1,AlternativeValueStrategy,19,0.9503582395087001,0.36201483684201397,0.001,True,5,95
2,SubstitutionStrategy,1,0.8014329580348004,0.5114624836752492,0.1,True,5,10
2,SubstitutionStrategy,2,0.8014329580348004,0.5119693125447919,0.1,True,5,20
2,SubstitutionStrategy,3,0.9503582395087001,0.3625976116426529,0.1,True,5,30
2,SubstitutionStrategy,1,0.8751279426816786,0.4384613767746956,0.01,True,5,10
2,SubstitutionStrategy,2,0.9155578300921188,0.39670580144851436,0.01,True,5,20
2,SubstitutionStrategy,3,0.9201637666325486,0.3932250488188959,0.01,True,5,30
2,SubstitutionStrategy,4,0.9319344933469805,0.38114506486923466,0.01,True,5,40
2,SubstitutionStrategy,5,0.95496417604913,0.35894293746640604,0.01,True,5,50
2,SubstitutionStrategy,1,0.8142272262026612,0.49705802913635005,0.001,True,5,10
2,SubstitutionStrategy,2,0.8265097236438076,0.48696607928122243,0.001,True,5,20
2,SubstitutionStrategy,3,0.8643807574206755,0.44957802468730557,0.001,True,5,30
2,SubstitutionStrategy,4,0.8735926305015353,0.43789240237205257,0.001,True,5,40
2,SubstitutionStrategy,5,0.8807574206755373,0.4331965158062597,0.001,True,5,50
2,SubstitutionStrategy,6,0.890992835209826,0.4208636889534612,0.001,True,5,60
2,SubstitutionStrategy,7,0.9196519959058342,0.3941475681720241,0.001,True,5,70
2,SubstitutionStrategy,8,0.925281473899693,0.38952048940043293,0.001,True,5,80
2,SubstitutionStrategy,9,0.9273285568065507,0.3844117801035604,0.001,True,5,90
2,SubstitutionStrategy,10,0.9314227226202662,0.38272371888160706,0.001,True,5,100
2,SubstitutionStrategy,11,0.9329580348004094,0.3796215057373047,0.001,True,5,110
2,SubstitutionStrategy,12,0.9344933469805528,0.3782307457539343,0.001,True,5,120
2,SubstitutionStrategy,13,0.9396110542476971,0.37342461751353356,0.001,True,5,130
2,SubstitutionStrategy,14,0.9401228249744115,0.37401294035296284,0.001,True,5,140
2,SubstitutionStrategy,15,0.9406345957011258,0.3725319946965864,0.001,True,5,150
2,SubstitutionStrategy,16,0.9411463664278403,0.37182717938576976,0.001,True,5,160
2,SubstitutionStrategy,17,0.9416581371545547,0.3710098430033653,0.001,True,5,170
2,SubstitutionStrategy,18,0.9421699078812692,0.37093849624356917,0.001,True,5,180
2,SubstitutionStrategy,19,0.9416581371545547,0.37108320670743145,0.001,True,5,190
2,SubstitutionStrategy,20,0.9426816786079836,0.37205029399164263,0.001,True,5,200
2,SubstitutionStrategy,21,0.9426816786079836,0.37016136992362236,0.001,True,5,210
2,SubstitutionStrategy,22,0.9426816786079836,0.3706026913658265,0.001,True,5,220
2,SubstitutionStrategy,23,0.9426816786079836,0.37106431491913333,0.001,True,5,230
2,SubstitutionStrategy,24,0.9421699078812692,0.37015918858589664,0.001,True,5,240
2,SubstitutionStrategy,25,0.9421699078812692,0.3715385525457321,0.001,True,5,250
2,SubstitutionStrategy,26,0.9442169907881269,0.3695375765523603,0.001,True,5,260
2,SubstitutionStrategy,27,0.9437052200614124,0.3695835336562126,0.001,True,5,270
2,SubstitutionStrategy,28,0.9442169907881269,0.3682008029953126,0.001,True,5,280
2,SubstitutionStrategy,29,0.9431934493346981,0.3700925217520806,0.001,True,5,290
2,SubstitutionStrategy,30,0.9431934493346981,0.3696550140457769,0.001,True,5,300
2,SubstitutionStrategy,31,0.9431934493346981,0.3704991686728693,0.001,True,5,310
2,SubstitutionStrategy,32,0.9426816786079836,0.37060219049453735,0.001,True,5,320
2,SubstitutionStrategy,33,0.9472876151484135,0.36651127376864034,0.001,True,5,330
2,SubstitutionStrategy,34,0.9483111566018424,0.36396511427817807,0.001,True,5,340
2,SubstitutionStrategy,35,0.9498464687819856,0.3626677643868231,0.001,True,5,350
2,SubstitutionStrategy,36,0.9503582395087001,0.36348708406571417,0.001,True,5,360
2,MarginalizedSubstitutionStrategy,1,0.8321392016376663,0.47947358604400386,0.1,True,5,10
2,MarginalizedSubstitutionStrategy,2,0.8802456499488229,0.4325435969137376,0.1,True,5,20
2,MarginalizedSubstitutionStrategy,3,0.9309109518935517,0.38180819346058753,0.1,True,5,30
2,MarginalizedSubstitutionStrategy,4,0.9344933469805528,0.3789534568786621,0.1,True,5,40
2,MarginalizedSubstitutionStrategy,5,0.9554759467758445,0.3575572544528592,0.1,True,5,50
2,MarginalizedSubstitutionStrategy,1,0.8771750255885363,0.4359671819594599,0.01,True,5,10
2,MarginalizedSubstitutionStrategy,2,0.9288638689866939,0.38351857758337454,0.01,True,5,20
2,MarginalizedSubstitutionStrategy,3,0.9508700102354145,0.3629830479621887,0.01,True,5,30
2,MarginalizedSubstitutionStrategy,1,0.7671443193449334,0.5453558362299397,0.001,True,5,10
2,MarginalizedSubstitutionStrategy,2,0.8203684749232344,0.4944099360896695,0.001,True,5,20
2,MarginalizedSubstitutionStrategy,3,0.8398157625383829,0.4728007989545022,0.001,True,5,30
2,MarginalizedSubstitutionStrategy,4,0.8428863868986693,0.46942020520087213,0.001,True,5,40
2,MarginalizedSubstitutionStrategy,5,0.8797338792221086,0.4338716806903962,0.001,True,5,50
2,MarginalizedSubstitutionStrategy,6,0.9114636642784033,0.40088978698176725,0.001,True,5,60
2,MarginalizedSubstitutionStrategy,7,0.9201637666325486,0.39319625881410414,0.001,True,5,70
2,MarginalizedSubstitutionStrategy,8,0.9268167860798362,0.3864765676759904,0.001,True,5,80
2,MarginalizedSubstitutionStrategy,9,0.9288638689866939,0.3856695044425226,0.001,True,5,90
2,MarginalizedSubstitutionStrategy,10,0.9309109518935517,0.38221019698727515,0.001,True,5,100
2,MarginalizedSubstitutionStrategy,11,0.9329580348004094,0.3814261276875773,0.001,True,5,110
2,MarginalizedSubstitutionStrategy,12,0.936028659160696,0.3771419938533537,0.001,True,5,120
2,MarginalizedSubstitutionStrategy,13,0.9385875127942682,0.37493999735001593,0.001,True,5,130
2,MarginalizedSubstitutionStrategy,14,0.9442169907881269,0.37083748271388395,0.001,True,5,140
2,MarginalizedSubstitutionStrategy,15,0.9437052200614124,0.3700227420176229,0.001,True,5,150
2,MarginalizedSubstitutionStrategy,16,0.9447287615148413,0.36838480157236897,0.001,True,5,160
2,MarginalizedSubstitutionStrategy,17,0.9457523029682702,0.3689128448886256,0.001,True,5,170
2,MarginalizedSubstitutionStrategy,18,0.9457523029682702,0.3671339038879641,0.001,True,5,180
2,MarginalizedSubstitutionStrategy,19,0.9503582395087001,0.3632151263375436,0.001,True,5,190
2,AlternativeValueStrategy,1,0.8526100307062436,0.46114094122763605,0.1,True,5,10
2,AlternativeValueStrategy,2,0.9037871033776868,0.4094914918945682,0.1,True,5,20
2,AlternativeValueStrategy,3,0.9416581371545547,0.3715267075646308,0.1,True,5,30
2,AlternativeValueStrategy,4,0.9672466734902764,0.3455593547513408,0.1,True,5,40
2,AlternativeValueStrategy,1,0.9114636642784033,0.4038203349036555,0.01,True,5,10
2,AlternativeValueStrategy,2,0.9129989764585466,0.4016134392830633,0.01,True,5,20
2,AlternativeValueStrategy,3,0.9293756397134084,0.383414626121521,0.01,True,5,30
2,AlternativeValueStrategy,4,0.9385875127942682,0.37463499749860457,0.01,True,5,40
2,AlternativeValueStrategy,5,0.9431934493346981,0.3706957515208952,0.01,True,5,50
2,AlternativeValueStrategy,6,0.9411463664278403,0.3719684529689051,0.01,True,5,60
2,AlternativeValueStrategy,7,0.9570112589559877,0.3560451865196228,0.01,True,5,70
2,AlternativeValueStrategy,1,0.8285568065506653,0.48422788131621575,0.001,True,5,10
2,AlternativeValueStrategy,2,0.8633572159672467,0.45050764852954495,0.001,True,5,20
2,AlternativeValueStrategy,3,0.8781985670419652,0.4350071943575336,0.001,True,5,30
2,AlternativeValueStrategy,4,0.8858751279426816,0.42725152738632693,0.001,True,5,40
2,AlternativeValueStrategy,5,0.932446264073695,0.380217804062751,0.001,True,5,50
2,AlternativeValueStrategy,6,0.9390992835209826,0.3728953782589205,0.001,True,5,60
2,AlternativeValueStrategy,7,0.9483111566018424,0.3655032150207027,0.001,True,5,70
2,AlternativeValueStrategy,8,0.9508700102354145,0.36209301794728926,0.001,True,5,80
3,SubstitutionStrategy,1,0.7640736949846468,0.5474663299898948,0.1,True,5,15
3,SubstitutionStrategy,2,0.8643807574206755,0.448673423259489,0.1,True,5,30
3,SubstitutionStrategy,3,0.8700102354145343,0.4417342380169899,0.1,True,5,45
3,SubstitutionStrategy,4,0.8710337768679631,0.4432979735635942,0.1,True,5,60
3,SubstitutionStrategy,5,0.9314227226202662,0.38079301676442545,0.1,True,5,75
3,SubstitutionStrategy,6,0.9483111566018424,0.364613740674911,0.1,True,5,90
3,SubstitutionStrategy,7,0.9488229273285568,0.36499329632328403,0.1,True,5,105
3,SubstitutionStrategy,8,0.9529170931422722,0.3619189445049532,0.1,True,5,120
3,SubstitutionStrategy,1,0.857727737973388,0.45462301181208703,0.01,True,5,15
3,SubstitutionStrategy,2,0.901740020470829,0.4120791746724036,0.01,True,5,30
3,SubstitutionStrategy,3,0.9355168884339816,0.37746837927449134,0.01,True,5,45
3,SubstitutionStrategy,4,0.9303991811668373,0.3822558243428507,0.01,True,5,60
3,SubstitutionStrategy,5,0.9293756397134084,0.38478075208202484,0.01,True,5,75
3,SubstitutionStrategy,6,0.9298874104401228,0.38323219745389875,0.01,True,5,90
3,SubstitutionStrategy,7,0.9298874104401228,0.3823147560319593,0.01,True,5,105
3,SubstitutionStrategy,8,0.9442169907881269,0.369075745344162,0.01,True,5,120
3,SubstitutionStrategy,9,0.9447287615148413,0.36858712665496335,0.01,True,5,135
3,SubstitutionStrategy,10,0.9447287615148413,0.3688849422239488,0.01,True,5,150
3,SubstitutionStrategy,11,0.9636642784032753,0.34904818861715253,0.01,True,5,165
3,SubstitutionStrategy,1,0.7886386898669396,0.5232329781978361,0.001,True,5,15
3,SubstitutionStrategy,2,0.8838280450358239,0.4304817472734759,0.001,True,5,30
3,SubstitutionStrategy,3,0.9022517911975435,0.4111191793795555,0.001,True,5,45
3,SubstitutionStrategy,4,0.9176049129989765,0.3955032181355261,0.001,True,5,60
3,SubstitutionStrategy,5,0.9191402251791198,0.3937593977297506,0.001,True,5,75
3,SubstitutionStrategy,6,0.9196519959058342,0.3937919274453194,0.001,True,5,90
3,SubstitutionStrategy,7,0.9201637666325486,0.3935974547939916,0.001,True,5,105
3,SubstitutionStrategy,8,0.9257932446264073,0.387727209637242,0.001,True,5,120
3,SubstitutionStrategy,9,0.9237461617195496,0.3891050046490085,0.001,True,5,135
3,SubstitutionStrategy,10,0.9237461617195496,0.38880759669888404,0.001,True,5,150
3,SubstitutionStrategy,11,0.9237461617195496,0.3887779568472216,0.001,True,5,165
3,SubstitutionStrategy,12,0.9227226202661207,0.3900986208069709,0.001,True,5,180
3,SubstitutionStrategy,13,0.925281473899693,0.38728701587646236,0.001,True,5,195
3,SubstitutionStrategy,14,0.9263050153531218,0.3862818027696302,0.001,True,5,210
3,SubstitutionStrategy,15,0.936028659160696,0.37765021189566583,0.001,True,5,225
3,SubstitutionStrategy,16,0.9426816786079836,0.3714884260008412,0.001,True,5,240
3,SubstitutionStrategy,17,0.951381780962129,0.36158956827655914,0.001,True,5,255
3,MarginalizedSubstitutionStrategy,1,0.7287615148413511,0.5866878224957374,0.1,True,5,15
3,MarginalizedSubstitutionStrategy,2,0.9094165813715456,0.4046990544565262,0.1,True,5,30
3,MarginalizedSubstitutionStrategy,3,0.9073694984646878,0.4053908740320513,0.1,True,5,45
3,MarginalizedSubstitutionStrategy,4,0.906345957011259,0.4073136160450597,0.1,True,5,60
3,MarginalizedSubstitutionStrategy,5,0.9268167860798362,0.3856908332916998,0.1,True,5,75
3,MarginalizedSubstitutionStrategy,6,0.9278403275332651,0.3844247902593305,0.1,True,5,90
3,MarginalizedSubstitutionStrategy,7,0.9268167860798362,0.38622783557061224,0.1,True,5,105
3,MarginalizedSubstitutionStrategy,8,0.9268167860798362,0.38578060942311443,0.1,True,5,120
3,MarginalizedSubstitutionStrategy,9,0.951381780962129,0.3626633671022231,0.1,True,5,135
3,MarginalizedSubstitutionStrategy,1,0.868474923234391,0.44392838593452205,0.01,True,5,15
3,MarginalizedSubstitutionStrategy,2,0.9273285568065507,0.3866073691075848,0.01,True,5,30
3,MarginalizedSubstitutionStrategy,3,0.9329580348004094,0.3805083863196834,0.01,True,5,45
3,MarginalizedSubstitutionStrategy,4,0.936028659160696,0.3777837262999627,0.01,True,5,60
3,MarginalizedSubstitutionStrategy,5,0.9390992835209826,0.37324052856814477,0.01,True,5,75
3,MarginalizedSubstitutionStrategy,6,0.9401228249744115,0.3720165539172388,0.01,True,5,90
3,MarginalizedSubstitutionStrategy,7,0.9411463664278403,0.3730043951542147,0.01,True,5,105
3,MarginalizedSubstitutionStrategy,8,0.9416581371545547,0.37175457131478096,0.01,True,5,120
3,MarginalizedSubstitutionStrategy,9,0.9416581371545547,0.3715966555380052,0.01,True,5,135
3,MarginalizedSubstitutionStrategy,10,0.951381780962129,0.3629236913496448,0.01,True,5,150
3,MarginalizedSubstitutionStrategy,1,0.845957011258956,0.4665631728787576,0.001,True,5,15
3,MarginalizedSubstitutionStrategy,2,0.8761514841351075,0.4376315311078102,0.001,True,5,30
3,MarginalizedSubstitutionStrategy,3,0.8868986693961105,0.42655044409536547,0.001,True,5,45
3,MarginalizedSubstitutionStrategy,4,0.9032753326509724,0.4085752348746023,0.001,True,5,60
3,MarginalizedSubstitutionStrategy,5,0.906345957011259,0.4067221851118149,0.001,True,5,75
3,MarginalizedSubstitutionStrategy,6,0.9222108495394064,0.3910725280161827,0.001,True,5,90
3,MarginalizedSubstitutionStrategy,7,0.9339815762538383,0.38095975883545413,0.001,True,5,105
3,MarginalizedSubstitutionStrategy,8,0.9416581371545547,0.37205562860735003,0.001,True,5,120
3,MarginalizedSubstitutionStrategy,9,0.9498464687819856,0.3636094456718814,0.001,True,5,135
3,MarginalizedSubstitutionStrategy,10,0.951381780962129,0.3615895894265944,0.001,True,5,150
3,AlternativeValueStrategy,1,0.8638689866939611,0.4486441929494181,0.1,True,5,15
3,AlternativeValueStrategy,2,0.861310133060389,0.45341201270780257,0.1,True,5,30
3,AlternativeValueStrategy,3,0.9211873080859775,0.39177218560249577,0.1,True,5,45
3,AlternativeValueStrategy,4,0.9227226202661207,0.39159304191989286,0.1,True,5,60
3,AlternativeValueStrategy,5,0.9421699078812692,0.37079395017316263,0.1,True,5,75
3,AlternativeValueStrategy,6,0.9544524053224156,0.35943603515625,0.1,True,5,90
3,AlternativeValueStrategy,1,0.7927328556806551,0.5196826371454424,0.01,True,5,15
3,AlternativeValueStrategy,2,0.8986693961105425,0.4172209251311518,0.01,True,5,30
3,AlternativeValueStrategy,3,0.9155578300921188,0.3987510338906319,0.01,True,5,45
3,AlternativeValueStrategy,4,0.9263050153531218,0.3858414378858382,0.01,True,5,60
3,AlternativeValueStrategy,5,0.9303991811668373,0.3824055723605617,0.01,True,5,75
3,AlternativeValueStrategy,6,0.9319344933469805,0.38056354753432736,0.01,True,5,90
3,AlternativeValueStrategy,7,0.9334698055271239,0.3787863850593567,0.01,True,5,105
3,AlternativeValueStrategy,8,0.9503582395087001,0.36215268315807464,0.01,True,5,120
3,AlternativeValueStrategy,1,0.7830092118730808,0.5296825670426891,0.001,True,5,15
3,AlternativeValueStrategy,2,0.8485158648925282,0.46368713724997734,0.001,True,5,30
3,AlternativeValueStrategy,3,0.8833162743091095,0.43015112415436774,0.001,True,5,45
3,AlternativeValueStrategy,4,0.8935516888433982,0.420790002230675,0.001,True,5,60
3,AlternativeValueStrategy,5,0.9191402251791198,0.39336930840246137,0.001,True,5,75
3,AlternativeValueStrategy,6,0.9216990788126919,0.390133467412764,0.001,True,5,90
3,AlternativeValueStrategy,7,0.925281473899693,0.3873339814524497,0.001,True,5,105
3,AlternativeValueStrategy,8,0.9309109518935517,0.38233732696502437,0.001,True,5,120
3,AlternativeValueStrategy,9,0.9457523029682702,0.36694868245432455,0.001,True,5,135
3,AlternativeValueStrategy,10,0.9483111566018424,0.3656656117208542,0.001,True,5,150
3,AlternativeValueStrategy,11,0.9529170931422722,0.359632715102165,0.001,True,5,165
4,SubstitutionStrategy,1,0.7958034800409417,0.5151434857999125,0.1,True,5,20
4,SubstitutionStrategy,2,0.8659160696008188,0.44671019238810383,0.1,True,5,40
4,SubstitutionStrategy,3,0.8633572159672467,0.4496237289521002,0.1,True,5,60
4,SubstitutionStrategy,4,0.8899692937563971,0.42302369879138085,0.1,True,5,80
4,SubstitutionStrategy,5,0.9442169907881269,0.368619607340905,0.1,True,5,100
4,SubstitutionStrategy,6,0.9442169907881269,0.36864599873942716,0.1,True,5,120
4,SubstitutionStrategy,7,0.9462640736949847,0.3666281805884454,0.1,True,5,140
4,SubstitutionStrategy,8,0.9477993858751279,0.3664419718327061,0.1,True,5,160
4,SubstitutionStrategy,9,0.989252814738997,0.3238464257409496,0.1,True,5,180
4,SubstitutionStrategy,1,0.7507676560900717,0.5618160847694643,0.01,True,5,20
4,SubstitutionStrategy,2,0.906345957011259,0.40745761606001085,0.01,True,5,40
4,SubstitutionStrategy,3,0.9068577277379734,0.4054589434977501,0.01,True,5,60
4,SubstitutionStrategy,4,0.962128966223132,0.35056251960415996,0.01,True,5,80
4,SubstitutionStrategy,1,0.8567041965199591,0.45631897545629935,0.001,True,5,20
4,SubstitutionStrategy,2,0.9104401228249744,0.4030248513144831,0.001,True,5,40
4,SubstitutionStrategy,3,0.917093142272262,0.39672524986728547,0.001,True,5,60
4,SubstitutionStrategy,4,0.9181166837256909,0.394197283252593,0.001,True,5,80
4,SubstitutionStrategy,5,0.9273285568065507,0.3857635403833082,0.001,True,5,100
4,SubstitutionStrategy,6,0.9390992835209826,0.374130908519991,0.001,True,5,120
4,SubstitutionStrategy,7,0.9488229273285568,0.36426753959348124,0.001,True,5,140
4,SubstitutionStrategy,8,0.9503582395087001,0.3625711260303374,0.001,True,5,160
4,MarginalizedSubstitutionStrategy,1,0.9201637666325486,0.392779488717356,0.1,True,5,20
4,MarginalizedSubstitutionStrategy,2,0.9283520982599796,0.38484626143209394,0.1,True,5,40
4,MarginalizedSubstitutionStrategy,3,0.9554759467758445,0.35711254035272905,0.1,True,5,60
4,MarginalizedSubstitutionStrategy,1,0.7901740020470829,0.5230172776406811,0.01,True,5,20
4,MarginalizedSubstitutionStrategy,2,0.8172978505629478,0.4948080191689153,0.01,True,5,40
4,MarginalizedSubstitutionStrategy,3,0.8700102354145343,0.4435096296571916,0.01,True,5,60
4,MarginalizedSubstitutionStrategy,4,0.9083930399181167,0.4061593576785057,0.01,True,5,80
4,MarginalizedSubstitutionStrategy,5,0.9150460593654043,0.39795979665171716,0.01,True,5,100
4,MarginalizedSubstitutionStrategy,6,0.9518935516888434,0.3608709083449456,0.01,True,5,120
4,MarginalizedSubstitutionStrategy,1,0.7231320368474923,0.5896385350534993,0.001,True,5,20
4,MarginalizedSubstitutionStrategy,2,0.7773797338792221,0.5364992666629053,0.001,True,5,40
4,MarginalizedSubstitutionStrategy,3,0.7809621289662231,0.5324960177944552,0.001,True,5,60
4,MarginalizedSubstitutionStrategy,4,0.8280450358239508,0.48540288498324735,0.001,True,5,80
4,MarginalizedSubstitutionStrategy,5,0.8474923234390993,0.46692472504031274,0.001,True,5,100
4,MarginalizedSubstitutionStrategy,6,0.8751279426816786,0.4379935870247503,0.001,True,5,120
4,MarginalizedSubstitutionStrategy,7,0.8756397134083931,0.43748946247562287,0.001,True,5,140
4,MarginalizedSubstitutionStrategy,8,0.8945752302968271,0.41841949089880914,0.001,True,5,160
4,MarginalizedSubstitutionStrategy,9,0.8971340839303992,0.41710232054033586,0.001,True,5,180
4,MarginalizedSubstitutionStrategy,10,0.8935516888433982,0.41992336127065844,0.001,True,5,200
4,MarginalizedSubstitutionStrategy,11,0.9339815762538383,0.3794054821614296,0.001,True,5,220
4,MarginalizedSubstitutionStrategy,12,0.9380757420675537,0.3760285983162542,0.001,True,5,240
4,MarginalizedSubstitutionStrategy,13,0.9447287615148413,0.3685856701866273,0.001,True,5,260
4,MarginalizedSubstitutionStrategy,14,0.9462640736949847,0.36615205099505765,0.001,True,5,280
4,MarginalizedSubstitutionStrategy,15,0.9477993858751279,0.3650767437873348,0.001,True,5,300
4,MarginalizedSubstitutionStrategy,16,0.9472876151484135,0.366955017851245,0.001,True,5,320
4,MarginalizedSubstitutionStrategy,17,0.9472876151484135,0.3656218071137705,0.001,True,5,340
4,MarginalizedSubstitutionStrategy,18,0.9483111566018424,0.36464163564866586,0.001,True,5,360
4,MarginalizedSubstitutionStrategy,19,0.9508700102354145,0.36223376758636966,0.001,True,5,380
4,AlternativeValueStrategy,1,0.8034800409416581,0.5082869135564373,0.1,True,5,20
4,AlternativeValueStrategy,2,0.9181166837256909,0.3956938616691097,0.1,True,5,40
4,AlternativeValueStrategy,3,0.9237461617195496,0.3904839792559224,0.1,True,5,60
4,AlternativeValueStrategy,4,0.9626407369498464,0.3509448766708374,0.1,True,5,80
4,AlternativeValueStrategy,1,0.8075742067553736,0.5059224424823638,0.01,True,5,20
4,AlternativeValueStrategy,2,0.9042988741044012,0.40862864544314725,0.01,True,5,40
4,AlternativeValueStrategy,3,0.9227226202661207,0.3907067516157704,0.01,True,5,60
4,AlternativeValueStrategy,4,0.9247697031729785,0.3893777535807702,0.01,True,5,80
4,AlternativeValueStrategy,5,0.9646878198567042,0.3484851775630828,0.01,True,5,100
4,AlternativeValueStrategy,1,0.8116683725690891,0.5006182222597061,0.001,True,5,20
4,AlternativeValueStrategy,2,0.8889457523029682,0.4239918214659537,0.001,True,5,40
4,AlternativeValueStrategy,3,0.9176049129989765,0.39580385531148604,0.001,True,5,60
4,AlternativeValueStrategy,4,0.9375639713408394,0.375198196980261,0.001,True,5,80
4,AlternativeValueStrategy,5,0.9431934493346981,0.37098582040879036,0.001,True,5,100
4,AlternativeValueStrategy,6,0.9503582395087001,0.3625954851027458,0.001,True,5,120
5,SubstitutionStrategy,1,0.6013306038894575,0.7089221227553583,0.1,True,5,25
5,SubstitutionStrategy,2,0.8096212896622313,0.5048131433225447,0.1,True,5,50
5,SubstitutionStrategy,3,0.8633572159672467,0.4506049733008108,0.1,True,5,75
5,SubstitutionStrategy,4,0.8899692937563971,0.4235718779025539,0.1,True,5,100
5,SubstitutionStrategy,5,0.8879222108495394,0.42542428739609256,0.1,True,5,125
5,SubstitutionStrategy,6,0.9104401228249744,0.4018951202592542,0.1,True,5,150
5,SubstitutionStrategy,7,0.9109518935516888,0.40229781981437435,0.1,True,5,175
5,SubstitutionStrategy,8,0.9104401228249744,0.4028016021174769,0.1,True,5,200
5,SubstitutionStrategy,9,0.9104401228249744,0.40235686013775485,0.1,True,5,225
5,SubstitutionStrategy,10,0.9309109518935517,0.3812372511433017,0.1,True,5,250
5,SubstitutionStrategy,11,0.9283520982599796,0.3847157291827663,0.1,True,5,275
5,SubstitutionStrategy,12,0.9283520982599796,0.38515969726347155,0.1,True,5,300
5,SubstitutionStrategy,13,0.9406345957011258,0.3743898310968953,0.1,True,5,325
5,SubstitutionStrategy,14,0.9401228249744115,0.37445719395914384,0.1,True,5,350
5,SubstitutionStrategy,15,0.9401228249744115,0.37328939860866917,0.1,True,5,375
5,SubstitutionStrategy,16,0.9401228249744115,0.3735539682449833,0.1,True,5,400
5,SubstitutionStrategy,17,0.9416581371545547,0.37116652727127075,0.1,True,5,425
5,SubstitutionStrategy,18,0.9616171954964176,0.35195363625403375,0.1,True,5,450
5,SubstitutionStrategy,1,0.827021494370522,0.48583091458966654,0.01,True,5,25
5,SubstitutionStrategy,2,0.9268167860798362,0.38629490233236746,0.01,True,5,50
5,SubstitutionStrategy,3,0.925281473899693,0.3886293451632223,0.01,True,5,75
5,SubstitutionStrategy,4,0.9247697031729785,0.38938619148346687,0.01,True,5,100
5,SubstitutionStrategy,5,0.9268167860798362,0.38622578017173276,0.01,True,5,125
5,SubstitutionStrategy,6,0.9380757420675537,0.37602859350942797,0.01,True,5,150
5,SubstitutionStrategy,7,0.9406345957011258,0.37302958773028466,0.01,True,5,175
5,SubstitutionStrategy,8,0.9723643807574207,0.34092422454587873,0.01,True,5,200
5,SubstitutionStrategy,1,0.8541453428863869,0.4576907234807168,0.001,True,5,25
5,SubstitutionStrategy,2,0.9002047082906858,0.4130667332679995,0.001,True,5,50
5,SubstitutionStrategy,3,0.9355168884339816,0.37726263557710954,0.001,True,5,75
5,SubstitutionStrategy,4,0.9375639713408394,0.3753560387319134,0.001,True,5,100
5,SubstitutionStrategy,5,0.9421699078812692,0.3706620729738666,0.001,True,5,125
5,SubstitutionStrategy,6,0.9431934493346981,0.37096164207304677,0.001,True,5,150
5,SubstitutionStrategy,7,0.9493346980552713,0.3635369423897036,0.001,True,5,175
5,SubstitutionStrategy,8,0.951381780962129,0.36198380108802547,0.001,True,5,200
5,MarginalizedSubstitutionStrategy,1,0.8802456499488229,0.4316428890151362,0.1,True,5,25
5,MarginalizedSubstitutionStrategy,2,0.9181166837256909,0.3961188812409678,0.1,True,5,50
5,MarginalizedSubstitutionStrategy,3,0.9196519959058342,0.3923950724063381,0.1,True,5,75
5,MarginalizedSubstitutionStrategy,4,0.9201637666325486,0.3941280236167292,0.1,True,5,100
5,MarginalizedSubstitutionStrategy,5,0.9216990788126919,0.390820364798269,0.1,True,5,125
5,MarginalizedSubstitutionStrategy,6,0.9273285568065507,0.38466170237910363,0.1,True,5,150
5,MarginalizedSubstitutionStrategy,7,0.9268167860798362,0.38583182904028124,0.1,True,5,175
5,MarginalizedSubstitutionStrategy,8,0.9406345957011258,0.37217423608226163,0.1,True,5,200
5,MarginalizedSubstitutionStrategy,9,0.9390992835209826,0.37479464373280924,0.1,True,5,225
5,MarginalizedSubstitutionStrategy,10,0.9411463664278403,0.3721149265766144,0.1,True,5,250
5,MarginalizedSubstitutionStrategy,11,0.9539406345957011,0.35906937814527945,0.1,True,5,275
5,MarginalizedSubstitutionStrategy,1,0.882804503582395,0.4296167963935483,0.01,True,5,25
5,MarginalizedSubstitutionStrategy,2,0.9375639713408394,0.375643172571736,0.01,True,5,50
5,MarginalizedSubstitutionStrategy,3,0.9677584442169908,0.34483778572851614,0.01,True,5,75
5,MarginalizedSubstitutionStrategy,1,0.8111566018423746,0.5042007738544095,0.001,True,5,25
5,MarginalizedSubstitutionStrategy,2,0.8618219037871033,0.45243342268851494,0.001,True,5,50
5,MarginalizedSubstitutionStrategy,3,0.9032753326509724,0.4101177588585884,0.001,True,5,75
5,MarginalizedSubstitutionStrategy,4,0.9109518935516888,0.4020326175997334,0.001,True,5,100
5,MarginalizedSubstitutionStrategy,5,0.9150460593654043,0.39826508106723907,0.001,True,5,125
5,MarginalizedSubstitutionStrategy,6,0.9257932446264073,0.3885516437792009,0.001,True,5,150
5,MarginalizedSubstitutionStrategy,7,0.932446264073695,0.380684926625221,0.001,True,5,175
5,MarginalizedSubstitutionStrategy,8,0.9431934493346981,0.36982496803806675,0.001,True,5,200
5,MarginalizedSubstitutionStrategy,9,0.9503582395087001,0.3621536031846077,0.001,True,5,225
5,AlternativeValueStrategy,1,0.8526100307062436,0.46020974363050154,0.1,True,5,25
5,AlternativeValueStrategy,2,0.9114636642784033,0.40175305643389303,0.1,True,5,50
5,AlternativeValueStrategy,3,0.946775844421699,0.3665705717379047,0.1,True,5,75
5,AlternativeValueStrategy,4,0.9447287615148413,0.36835881683134264,0.1,True,5,100
5,AlternativeValueStrategy,5,0.9626407369498464,0.3509455717379047,0.1,True,5,125
5,AlternativeValueStrategy,1,0.8659160696008188,0.44796832146183135,0.01,True,5,25
5,AlternativeValueStrategy,2,0.9544524053224156,0.3590094312544792,0.01,True,5,50
5,AlternativeValueStrategy,1,0.8541453428863869,0.45993710141028127,0.001,True,5,25
5,AlternativeValueStrategy,2,0.898157625383828,0.41573684350136786,0.001,True,5,50
5,AlternativeValueStrategy,3,0.9022517911975435,0.4106816764800779,0.001,True,5,75
5,AlternativeValueStrategy,4,0.9078812691914022,0.40472435662823336,0.001,True,5,100
5,AlternativeValueStrategy,5,0.9078812691914022,0.40439842016466204,0.001,True,5,125
5,AlternativeValueStrategy,6,0.9181166837256909,0.3949241820842989,0.001,True,5,150
5,AlternativeValueStrategy,7,0.9242579324462641,0.39012251938543013,0.001,True,5,175
5,AlternativeValueStrategy,8,0.9227226202661207,0.3915945089632465,0.001,True,5,200
5,AlternativeValueStrategy,9,0.9222108495394064,0.3907583471267454,0.001,True,5,225
5,AlternativeValueStrategy,10,0.9293756397134084,0.3837145691917789,0.001,True,5,250
5,AlternativeValueStrategy,11,0.9334698055271239,0.379230672313321,0.001,True,5,275
5,AlternativeValueStrategy,12,0.946775844421699,0.3671382742543374,0.001,True,5,300
5,AlternativeValueStrategy,13,0.9503582395087001,0.36187853736262166,0.001,True,5,325
