ce_num,strategy,epoch,accuracy,average_loss,lr,from_ground_zero,num_of_instances_per_epoch,num_of_artificial_instances
1,SubstitutionStrategy,1,0.7123848515864892,0.6007003668815859,0.1,False,5,5
1,SubstitutionStrategy,2,0.8607983623336745,0.453098181755312,0.1,False,5,10
1,SubstitutionStrategy,3,0.8904810644831116,0.422921811380694,0.1,False,5,15
1,SubstitutionStrategy,4,0.9155578300921188,0.39799006812034116,0.1,False,5,20
1,SubstitutionStrategy,5,0.932446264073695,0.38068347496371113,0.1,False,5,25
1,SubstitutionStrategy,6,0.9580348004094166,0.3550370306737961,0.1,False,5,30
1,SubstitutionStrategy,1,0.7927328556806551,0.5204971836459252,0.01,False,5,5
1,SubstitutionStrategy,2,0.8868986693961105,0.4264334449844976,0.01,False,5,10
1,SubstitutionStrategy,3,0.887410440122825,0.42550208395527256,0.01,False,5,15
1,SubstitutionStrategy,4,0.8899692937563971,0.42340762576749247,0.01,False,5,20
1,SubstitutionStrategy,5,0.917093142272262,0.39583322886497746,0.01,False,5,25
1,SubstitutionStrategy,6,0.9140225179119754,0.3987760716868985,0.01,False,5,30
1,SubstitutionStrategy,7,0.9145342886386899,0.399373738035079,0.01,False,5,35
1,SubstitutionStrategy,8,0.9196519959058342,0.39236345118091953,0.01,False,5,40
1,SubstitutionStrategy,9,0.9237461617195496,0.3888061383078175,0.01,False,5,45
1,SubstitutionStrategy,10,0.9339815762538383,0.37918919421011404,0.01,False,5,50
1,SubstitutionStrategy,11,0.9344933469805528,0.3777580107412031,0.01,False,5,55
1,SubstitutionStrategy,12,0.9350051177072671,0.3781603276729584,0.01,False,5,60
1,SubstitutionStrategy,13,0.9401228249744115,0.3731252868329325,0.01,False,5,65
1,SubstitutionStrategy,14,0.951381780962129,0.36160467901537496,0.01,False,5,70
1,SubstitutionStrategy,1,0.6509723643807575,0.6621694584046641,0.001,False,5,5
1,SubstitutionStrategy,2,0.8336745138178097,0.47884808432671333,0.001,False,5,10
1,SubstitutionStrategy,3,0.8449334698055271,0.4671403977178758,0.001,False,5,15
1,SubstitutionStrategy,4,0.8659160696008188,0.4484873673608226,0.001,False,5,20
1,SubstitutionStrategy,5,0.8787103377686797,0.4333504274968178,0.001,False,5,25
1,SubstitutionStrategy,6,0.8925281473899693,0.4205423756953209,0.001,False,5,30
1,SubstitutionStrategy,7,0.901740020470829,0.41019453540925055,0.001,False,5,35
1,SubstitutionStrategy,8,0.9196519959058342,0.39364260338967844,0.001,False,5,40
1,SubstitutionStrategy,9,0.9237461617195496,0.3892368972301483,0.001,False,5,45
1,SubstitutionStrategy,10,0.9283520982599796,0.3845424757849786,0.001,False,5,50
1,SubstitutionStrategy,11,0.9380757420675537,0.37558384191605354,0.001,False,5,55
1,SubstitutionStrategy,12,0.9406345957011258,0.3726189136505127,0.001,False,5,60
1,SubstitutionStrategy,13,0.9426816786079836,0.37136131332766625,0.001,False,5,65
1,SubstitutionStrategy,14,0.9437052200614124,0.3687052755586563,0.001,False,5,70
1,SubstitutionStrategy,15,0.9472876151484135,0.36488641077472317,0.001,False,5,75
1,SubstitutionStrategy,16,0.9503582395087001,0.36278788601198503,0.001,False,5,80
1,MarginalizedSubstitutionStrategy,1,0.8413510747185261,0.4723922610282898,0.1,False,5,5
1,MarginalizedSubstitutionStrategy,2,0.8976458546571137,0.41438629934864657,0.1,False,5,10
1,MarginalizedSubstitutionStrategy,3,0.9150460593654043,0.398950481607068,0.1,False,5,15
1,MarginalizedSubstitutionStrategy,4,0.9191402251791198,0.393791094903023,0.1,False,5,20
1,MarginalizedSubstitutionStrategy,5,0.920675537359263,0.3927215270457729,0.1,False,5,25
1,MarginalizedSubstitutionStrategy,6,0.9559877175025588,0.3574867335058028,0.1,False,5,30
1,MarginalizedSubstitutionStrategy,1,0.8464687819856704,0.4671032303763974,0.01,False,5,5
1,MarginalizedSubstitutionStrategy,2,0.8848515864892528,0.4302907730302503,0.01,False,5,10
1,MarginalizedSubstitutionStrategy,3,0.8797338792221086,0.43354730259987617,0.01,False,5,15
1,MarginalizedSubstitutionStrategy,4,0.8817809621289662,0.4313489016025297,0.01,False,5,20
1,MarginalizedSubstitutionStrategy,5,0.8996929375639714,0.4143496069215959,0.01,False,5,25
1,MarginalizedSubstitutionStrategy,6,0.9263050153531218,0.3864767445671943,0.01,False,5,30
1,MarginalizedSubstitutionStrategy,7,0.9227226202661207,0.3900124430656433,0.01,False,5,35
1,MarginalizedSubstitutionStrategy,8,0.9181166837256909,0.3950008019324272,0.01,False,5,40
1,MarginalizedSubstitutionStrategy,9,0.9165813715455476,0.39628386593634085,0.01,False,5,45
1,MarginalizedSubstitutionStrategy,10,0.9181166837256909,0.3951735275406991,0.01,False,5,50
1,MarginalizedSubstitutionStrategy,11,0.9160696008188332,0.39704881848827484,0.01,False,5,55
1,MarginalizedSubstitutionStrategy,12,0.9145342886386899,0.39850140675421686,0.01,False,5,60
1,MarginalizedSubstitutionStrategy,13,0.9365404298874105,0.3765081859404041,0.01,False,5,65
1,MarginalizedSubstitutionStrategy,14,0.9303991811668373,0.38314215310158267,0.01,False,5,70
1,MarginalizedSubstitutionStrategy,15,0.9309109518935517,0.3821955717379047,0.01,False,5,75
1,MarginalizedSubstitutionStrategy,16,0.9355168884339816,0.37719970653134005,0.01,False,5,80
1,MarginalizedSubstitutionStrategy,17,0.9421699078812692,0.3710390310133657,0.01,False,5,85
1,MarginalizedSubstitutionStrategy,18,0.9406345957011258,0.37219317690018683,0.01,False,5,90
1,MarginalizedSubstitutionStrategy,19,0.9416581371545547,0.3725003465529411,0.01,False,5,95
1,MarginalizedSubstitutionStrategy,20,0.9426816786079836,0.37015498549707476,0.01,False,5,100
1,MarginalizedSubstitutionStrategy,21,0.9503582395087001,0.36351473965952474,0.01,False,5,105
1,MarginalizedSubstitutionStrategy,1,0.7876151484135108,0.5261461427134853,0.001,False,5,5
1,MarginalizedSubstitutionStrategy,2,0.7942681678607983,0.5205229953412087,0.001,False,5,10
1,MarginalizedSubstitutionStrategy,3,0.8009211873080859,0.5132551279760176,0.001,False,5,15
1,MarginalizedSubstitutionStrategy,4,0.8029682702149437,0.5098958967193481,0.001,False,5,20
1,MarginalizedSubstitutionStrategy,5,0.808085977482088,0.5052783200817723,0.001,False,5,25
1,MarginalizedSubstitutionStrategy,6,0.8244626407369499,0.4902379397423037,0.001,False,5,30
1,MarginalizedSubstitutionStrategy,7,0.8295803480040942,0.483733820338403,0.001,False,5,35
1,MarginalizedSubstitutionStrategy,8,0.8480040941658137,0.4648757125100782,0.001,False,5,40
1,MarginalizedSubstitutionStrategy,9,0.8817809621289662,0.4317094020305141,0.001,False,5,45
1,MarginalizedSubstitutionStrategy,10,0.8858751279426816,0.42633242760935136,0.001,False,5,50
1,MarginalizedSubstitutionStrategy,11,0.8950870010235414,0.4170063897486656,0.001,False,5,55
1,MarginalizedSubstitutionStrategy,12,0.8986693961105425,0.41491211037481984,0.001,False,5,60
1,MarginalizedSubstitutionStrategy,13,0.9027635619242579,0.41085854749525746,0.001,False,5,65
1,MarginalizedSubstitutionStrategy,14,0.90992835209826,0.4034994331098372,0.001,False,5,70
1,MarginalizedSubstitutionStrategy,15,0.9191402251791198,0.39513673513166364,0.001,False,5,75
1,MarginalizedSubstitutionStrategy,16,0.9278403275332651,0.3845563127148536,0.001,False,5,80
1,MarginalizedSubstitutionStrategy,17,0.932446264073695,0.381203273611684,0.001,False,5,85
1,MarginalizedSubstitutionStrategy,18,0.9334698055271239,0.37964836628206317,0.001,False,5,90
1,MarginalizedSubstitutionStrategy,19,0.9365404298874105,0.376145209996931,0.001,False,5,95
1,MarginalizedSubstitutionStrategy,20,0.9421699078812692,0.3706778076387221,0.001,False,5,100
1,MarginalizedSubstitutionStrategy,21,0.9437052200614124,0.3691390541292006,0.001,False,5,105
1,MarginalizedSubstitutionStrategy,22,0.9462640736949847,0.3661917457657476,0.001,False,5,110
1,MarginalizedSubstitutionStrategy,23,0.9498464687819856,0.36342892531425725,0.001,False,5,115
1,MarginalizedSubstitutionStrategy,24,0.9508700102354145,0.36427220125352183,0.001,False,5,120
1,AlternativeValueStrategy,1,0.7425793244626407,0.5709643883089865,0.1,False,5,5
1,AlternativeValueStrategy,2,0.872057318321392,0.4414682061441483,0.1,False,5,10
1,AlternativeValueStrategy,3,0.8756397134083931,0.43838147001881755,0.1,False,5,15
1,AlternativeValueStrategy,4,0.8925281473899693,0.4206019236195472,0.1,False,5,20
1,AlternativeValueStrategy,5,0.913510747185261,0.4006680086735756,0.1,False,5,25
1,AlternativeValueStrategy,6,0.9222108495394064,0.3902589467263991,0.1,False,5,30
1,AlternativeValueStrategy,7,0.9227226202661207,0.39114698190842906,0.1,False,5,35
1,AlternativeValueStrategy,8,0.9216990788126919,0.3903383131950132,0.1,False,5,40
1,AlternativeValueStrategy,9,0.9396110542476971,0.37362702142807747,0.1,False,5,45
1,AlternativeValueStrategy,10,0.9406345957011258,0.37217436682793403,0.1,False,5,50
1,AlternativeValueStrategy,11,0.9227226202661207,0.39026359300459584,0.1,False,5,55
1,AlternativeValueStrategy,12,0.9626407369498464,0.3500750478236906,0.1,False,5,60
1,AlternativeValueStrategy,1,0.7993858751279427,0.5141619905348747,0.01,False,5,5
1,AlternativeValueStrategy,2,0.7917093142272262,0.5210716628259228,0.01,False,5,10
1,AlternativeValueStrategy,3,0.9293756397134084,0.3837060332298279,0.01,False,5,15
1,AlternativeValueStrategy,4,0.9539406345957011,0.3595495214385371,0.01,False,5,20
1,AlternativeValueStrategy,1,0.8034800409416581,0.5091716954785008,0.001,False,5,5
1,AlternativeValueStrategy,2,0.8618219037871033,0.45158815672320707,0.001,False,5,10
1,AlternativeValueStrategy,3,0.8863868986693961,0.4267133791600504,0.001,False,5,15
1,AlternativeValueStrategy,4,0.8935516888433982,0.41972134382494036,0.001,False,5,20
1,AlternativeValueStrategy,5,0.9002047082906858,0.41363449827317267,0.001,False,5,25
1,AlternativeValueStrategy,6,0.9068577277379734,0.4064268402514919,0.001,False,5,30
1,AlternativeValueStrategy,7,0.9114636642784033,0.4009370140490993,0.001,False,5,35
1,AlternativeValueStrategy,8,0.913510747185261,0.39888429641723633,0.001,False,5,40
1,AlternativeValueStrategy,9,0.917093142272262,0.3965296726072988,0.001,False,5,45
1,AlternativeValueStrategy,10,0.9201637666325486,0.3923395208774074,0.001,False,5,50
1,AlternativeValueStrategy,11,0.9237461617195496,0.38968765831762747,0.001,False,5,55
1,AlternativeValueStrategy,12,0.9268167860798362,0.38603831106616604,0.001,False,5,60
1,AlternativeValueStrategy,13,0.9314227226202662,0.38119375032763325,0.001,False,5,65
1,AlternativeValueStrategy,14,0.9339815762538383,0.3789025343233539,0.001,False,5,70
1,AlternativeValueStrategy,15,0.9365404298874105,0.37668617694608625,0.001,False,5,75
1,AlternativeValueStrategy,16,0.9380757420675537,0.3756226974148904,0.001,False,5,80
1,AlternativeValueStrategy,17,0.9437052200614124,0.369571328163147,0.001,False,5,85
1,AlternativeValueStrategy,18,0.9452405322415558,0.36730624975696685,0.001,False,5,90
1,AlternativeValueStrategy,19,0.9524053224155579,0.3605376885783288,0.001,False,5,95
2,SubstitutionStrategy,1,0.7584442169907881,0.5559324929791112,0.1,False,5,10
2,SubstitutionStrategy,2,0.9508700102354145,0.36308524300975187,0.1,False,5,20
2,SubstitutionStrategy,1,0.81985670419652,0.4933513758643981,0.01,False,5,10
2,SubstitutionStrategy,2,0.8418628454452405,0.47065905024928434,0.01,False,5,20
2,SubstitutionStrategy,3,0.8515864892528148,0.46183971435792986,0.01,False,5,30
2,SubstitutionStrategy,4,0.8935516888433982,0.41917930783764007,0.01,False,5,40
2,SubstitutionStrategy,5,0.9431934493346981,0.36973740496943075,0.01,False,5,50
2,SubstitutionStrategy,6,0.9534288638689867,0.35957340559651774,0.01,False,5,60
2,SubstitutionStrategy,1,0.6791197543500512,0.6345416711222741,0.001,False,5,10
2,SubstitutionStrategy,2,0.8259979529170931,0.48781483596371067,0.001,False,5,20
2,SubstitutionStrategy,3,0.8433981576253838,0.4701152386203889,0.001,False,5,30
2,SubstitutionStrategy,4,0.8730808597748209,0.4409796912823954,0.001,False,5,40
2,SubstitutionStrategy,5,0.9032753326509724,0.41014731218737943,0.001,False,5,50
2,SubstitutionStrategy,6,0.9083930399181167,0.40414050990535366,0.001,False,5,60
2,SubstitutionStrategy,7,0.9124872057318322,0.3999346821538864,0.001,False,5,70
2,SubstitutionStrategy,8,0.9191402251791198,0.392898392292761,0.001,False,5,80
2,SubstitutionStrategy,9,0.9278403275332651,0.3851176509934087,0.001,False,5,90
2,SubstitutionStrategy,10,0.9283520982599796,0.3847099196526312,0.001,False,5,100
2,SubstitutionStrategy,11,0.9309109518935517,0.3829459797951483,0.001,False,5,110
2,SubstitutionStrategy,12,0.9350051177072671,0.37773367089609944,0.001,False,5,120
2,SubstitutionStrategy,13,0.936028659160696,0.3776001766804726,0.001,False,5,130
2,SubstitutionStrategy,14,0.9375639713408394,0.37564315911262264,0.001,False,5,140
2,SubstitutionStrategy,15,0.9375639713408394,0.37608788667186616,0.001,False,5,150
2,SubstitutionStrategy,16,0.9375639713408394,0.3745574585853084,0.001,False,5,160
2,SubstitutionStrategy,17,0.9380757420675537,0.3751391201250015,0.001,False,5,170
2,SubstitutionStrategy,18,0.9380757420675537,0.37468960881233215,0.001,False,5,180
2,SubstitutionStrategy,19,0.9452405322415558,0.36763092490934557,0.001,False,5,190
2,SubstitutionStrategy,20,0.9457523029682702,0.3684686960712556,0.001,False,5,200
2,SubstitutionStrategy,21,0.9457523029682702,0.3671318148413012,0.001,False,5,210
2,SubstitutionStrategy,22,0.9508700102354145,0.3621704655308877,0.001,False,5,220
2,MarginalizedSubstitutionStrategy,1,0.8756397134083931,0.4373906648928119,0.1,False,5,10
2,MarginalizedSubstitutionStrategy,2,0.8930399181166837,0.41993864313248663,0.1,False,5,20
2,MarginalizedSubstitutionStrategy,3,0.8940634595701126,0.41979155521239003,0.1,False,5,30
2,MarginalizedSubstitutionStrategy,4,0.9129989764585466,0.40204134583473206,0.1,False,5,40
2,MarginalizedSubstitutionStrategy,5,0.9145342886386899,0.39938617041034086,0.1,False,5,50
2,MarginalizedSubstitutionStrategy,6,0.9273285568065507,0.3848285175138904,0.1,False,5,60
2,MarginalizedSubstitutionStrategy,7,0.9268167860798362,0.38593763497567946,0.1,False,5,70
2,MarginalizedSubstitutionStrategy,8,0.9544524053224156,0.35829699135595755,0.1,False,5,80
2,MarginalizedSubstitutionStrategy,1,0.8106448311156602,0.5000605102508299,0.01,False,5,10
2,MarginalizedSubstitutionStrategy,2,0.8346980552712385,0.4787079018931235,0.01,False,5,20
2,MarginalizedSubstitutionStrategy,3,0.8469805527123848,0.467080541195408,0.01,False,5,30
2,MarginalizedSubstitutionStrategy,4,0.8474923234390993,0.4661886394023895,0.01,False,5,40
2,MarginalizedSubstitutionStrategy,5,0.9078812691914022,0.4053204915215892,0.01,False,5,50
2,MarginalizedSubstitutionStrategy,6,0.9554759467758445,0.3575546943372296,0.01,False,5,60
2,MarginalizedSubstitutionStrategy,1,0.8152507676560901,0.49894248285601217,0.001,False,5,10
2,MarginalizedSubstitutionStrategy,2,0.917093142272262,0.3953270652601796,0.001,False,5,20
2,MarginalizedSubstitutionStrategy,3,0.9303991811668373,0.3822882569605304,0.001,False,5,30
2,MarginalizedSubstitutionStrategy,4,0.9416581371545547,0.37093332409858704,0.001,False,5,40
2,MarginalizedSubstitutionStrategy,5,0.9462640736949847,0.3662483124963699,0.001,False,5,50
2,MarginalizedSubstitutionStrategy,6,0.9493346980552713,0.3635190013916262,0.001,False,5,60
2,MarginalizedSubstitutionStrategy,7,0.9503582395087001,0.36306722606382064,0.001,False,5,70
2,AlternativeValueStrategy,1,0.827021494370522,0.48633758867940596,0.1,False,5,10
2,AlternativeValueStrategy,2,0.8290685772773797,0.48267670985191097,0.1,False,5,20
2,AlternativeValueStrategy,3,0.8694984646878199,0.44309854891992384,0.1,False,5,30
2,AlternativeValueStrategy,4,0.8817809621289662,0.43137984891091624,0.1,False,5,40
2,AlternativeValueStrategy,5,0.9288638689866939,0.38480623595176205,0.1,False,5,50
2,AlternativeValueStrategy,6,0.925281473899693,0.38776873388598043,0.1,False,5,60
2,AlternativeValueStrategy,7,0.9232343909928352,0.39029011130332947,0.1,False,5,70
2,AlternativeValueStrategy,8,0.965711361310133,0.34722081019032386,0.1,False,5,80
2,AlternativeValueStrategy,1,0.8075742067553736,0.5047724170069541,0.01,False,5,10
2,AlternativeValueStrategy,2,0.9145342886386899,0.39876387965294624,0.01,False,5,20
2,AlternativeValueStrategy,3,0.9539406345957011,0.35906526638615516,0.01,False,5,30
2,AlternativeValueStrategy,1,0.7743091095189355,0.5387854653020059,0.001,False,5,10
2,AlternativeValueStrategy,2,0.8295803480040942,0.48463495316043975,0.001,False,5,20
2,AlternativeValueStrategy,3,0.8352098259979529,0.47803339073734896,0.001,False,5,30
2,AlternativeValueStrategy,4,0.8587512794268168,0.4547460732921477,0.001,False,5,40
2,AlternativeValueStrategy,5,0.872057318321392,0.4416783134783468,0.001,False,5,50
2,AlternativeValueStrategy,6,0.8792221084953941,0.4342296690710129,0.001,False,5,60
2,AlternativeValueStrategy,7,0.8940634595701126,0.41973468084489146,0.001,False,5,70
2,AlternativeValueStrategy,8,0.8961105424769703,0.41691461782301625,0.001,False,5,80
2,AlternativeValueStrategy,9,0.8991811668372569,0.41351275386348846,0.001,False,5,90
2,AlternativeValueStrategy,10,0.9027635619242579,0.40991837170816237,0.001,False,5,100
2,AlternativeValueStrategy,11,0.9288638689866939,0.3843590165338209,0.001,False,5,110
2,AlternativeValueStrategy,12,0.9406345957011258,0.3718798641235598,0.001,False,5,120
2,AlternativeValueStrategy,13,0.9426816786079836,0.37057202958291574,0.001,False,5,130
2,AlternativeValueStrategy,14,0.9457523029682702,0.36713336456206536,0.001,False,5,140
2,AlternativeValueStrategy,15,0.9477993858751279,0.36600722997419294,0.001,False,5,150
2,AlternativeValueStrategy,16,0.9503582395087001,0.36224029429497256,0.001,False,5,160
3,SubstitutionStrategy,1,0.7338792221084954,0.5777271745666381,0.1,False,5,15
3,SubstitutionStrategy,2,0.8070624360286591,0.506296464512425,0.1,False,5,30
3,SubstitutionStrategy,3,0.8101330603889457,0.5046700844841618,0.1,False,5,45
3,SubstitutionStrategy,4,0.8705220061412487,0.44310873458462374,0.1,False,5,60
3,SubstitutionStrategy,5,0.8654042988741044,0.44725818883988167,0.1,False,5,75
3,SubstitutionStrategy,6,0.890992835209826,0.42295879029458566,0.1,False,5,90
3,SubstitutionStrategy,7,0.8961105424769703,0.41618531846231027,0.1,False,5,105
3,SubstitutionStrategy,8,0.90992835209826,0.40342291516642415,0.1,False,5,120
3,SubstitutionStrategy,9,0.9181166837256909,0.39524131917184396,0.1,False,5,135
3,SubstitutionStrategy,10,0.9355168884339816,0.3771400259387109,0.1,False,5,150
3,SubstitutionStrategy,11,0.9370522006141249,0.37926015930791057,0.1,False,5,165
3,SubstitutionStrategy,12,0.9457523029682702,0.3686161550783342,0.1,False,5,180
3,SubstitutionStrategy,13,0.9651995905834186,0.3476058792683386,0.1,False,5,195
3,SubstitutionStrategy,1,0.6397134083930399,0.6735914349555969,0.01,False,5,15
3,SubstitutionStrategy,2,0.9068577277379734,0.4072148569168583,0.01,False,5,30
3,SubstitutionStrategy,3,0.9078812691914022,0.40500316312236173,0.01,False,5,45
3,SubstitutionStrategy,4,0.9216990788126919,0.3912617891065536,0.01,False,5,60
3,SubstitutionStrategy,5,0.9293756397134084,0.38349807070147607,0.01,False,5,75
3,SubstitutionStrategy,6,0.9329580348004094,0.3792928639919527,0.01,False,5,90
3,SubstitutionStrategy,7,0.936028659160696,0.3762743578803155,0.01,False,5,105
3,SubstitutionStrategy,8,0.9396110542476971,0.37502260650357894,0.01,False,5,120
3,SubstitutionStrategy,9,0.951381780962129,0.362908520044819,0.01,False,5,135
3,SubstitutionStrategy,1,0.793756397134084,0.5189131700223492,0.001,False,5,15
3,SubstitutionStrategy,2,0.8500511770726714,0.464088398602701,0.001,False,5,30
3,SubstitutionStrategy,3,0.8520982599795291,0.4626507855230762,0.001,False,5,45
3,SubstitutionStrategy,4,0.8664278403275333,0.4467967940915015,0.001,False,5,60
3,SubstitutionStrategy,5,0.8689866939611054,0.4425275133502099,0.001,False,5,75
3,SubstitutionStrategy,6,0.9002047082906858,0.4118533961234554,0.001,False,5,90
3,SubstitutionStrategy,7,0.9257932446264073,0.38749398050769684,0.001,False,5,105
3,SubstitutionStrategy,8,0.9344933469805528,0.3782257976070527,0.001,False,5,120
3,SubstitutionStrategy,9,0.9406345957011258,0.37279761222101027,0.001,False,5,135
3,SubstitutionStrategy,10,0.9477993858751279,0.36514282322699027,0.001,False,5,150
3,SubstitutionStrategy,11,0.9477993858751279,0.36556018360199466,0.001,False,5,165
3,SubstitutionStrategy,12,0.9498464687819856,0.3631016448620827,0.001,False,5,180
3,SubstitutionStrategy,13,0.951381780962129,0.361993569520212,0.001,False,5,195
3,MarginalizedSubstitutionStrategy,1,0.7589559877175026,0.5532948634316844,0.1,False,5,15
3,MarginalizedSubstitutionStrategy,2,0.8075742067553736,0.5070825276836273,0.1,False,5,30
3,MarginalizedSubstitutionStrategy,3,0.906345957011259,0.40696586716559624,0.1,False,5,45
3,MarginalizedSubstitutionStrategy,4,0.9564994882292733,0.3585126967199387,0.1,False,5,60
3,MarginalizedSubstitutionStrategy,1,0.849539406345957,0.46407930120345087,0.01,False,5,15
3,MarginalizedSubstitutionStrategy,2,0.8362333674513818,0.47718006853134404,0.01,False,5,30
3,MarginalizedSubstitutionStrategy,3,0.9268167860798362,0.38759177730929467,0.01,False,5,45
3,MarginalizedSubstitutionStrategy,4,0.9232343909928352,0.3897830392083814,0.01,False,5,60
3,MarginalizedSubstitutionStrategy,5,0.9186284544524054,0.39428648352622986,0.01,False,5,75
3,MarginalizedSubstitutionStrategy,6,0.9186284544524054,0.39529552575080623,0.01,False,5,90
3,MarginalizedSubstitutionStrategy,7,0.9529170931422722,0.36007745035233035,0.01,False,5,105
3,MarginalizedSubstitutionStrategy,1,0.8694984646878199,0.44227609999718204,0.001,False,5,15
3,MarginalizedSubstitutionStrategy,2,0.8741044012282497,0.43832056656960516,0.001,False,5,30
3,MarginalizedSubstitutionStrategy,3,0.8863868986693961,0.42737520894696635,0.001,False,5,45
3,MarginalizedSubstitutionStrategy,4,0.9037871033776868,0.40925269838302364,0.001,False,5,60
3,MarginalizedSubstitutionStrategy,5,0.9094165813715456,0.40476196042953,0.001,False,5,75
3,MarginalizedSubstitutionStrategy,6,0.9344933469805528,0.37911792435953695,0.001,False,5,90
3,MarginalizedSubstitutionStrategy,7,0.9442169907881269,0.36953564324686605,0.001,False,5,105
3,MarginalizedSubstitutionStrategy,8,0.9447287615148413,0.36834292834804905,0.001,False,5,120
3,MarginalizedSubstitutionStrategy,9,0.9503582395087001,0.3621832045816606,0.001,False,5,135
3,AlternativeValueStrategy,1,0.8505629477993859,0.46120870690191945,0.1,False,5,15
3,AlternativeValueStrategy,2,0.9303991811668373,0.3821181847203162,0.1,False,5,30
3,AlternativeValueStrategy,3,0.9288638689866939,0.38401579568462985,0.1,False,5,45
3,AlternativeValueStrategy,4,0.9524053224155579,0.3613555710161886,0.1,False,5,60
3,AlternativeValueStrategy,1,0.8393039918116684,0.474302613927472,0.01,False,5,15
3,AlternativeValueStrategy,2,0.901740020470829,0.41097957857193484,0.01,False,5,30
3,AlternativeValueStrategy,3,0.9237461617195496,0.3897030901524328,0.01,False,5,45
3,AlternativeValueStrategy,4,0.9298874104401228,0.3824538992297265,0.01,False,5,60
3,AlternativeValueStrategy,5,0.9298874104401228,0.382755208399988,0.01,False,5,75
3,AlternativeValueStrategy,6,0.9518935516888434,0.3615303049164434,0.01,False,5,90
3,AlternativeValueStrategy,1,0.793756397134084,0.519680300066548,0.001,False,5,15
3,AlternativeValueStrategy,2,0.8326509723643808,0.4814221695546181,0.001,False,5,30
3,AlternativeValueStrategy,3,0.8879222108495394,0.42591507492526887,0.001,False,5,45
3,AlternativeValueStrategy,4,0.9196519959058342,0.3935065548266134,0.001,False,5,60
3,AlternativeValueStrategy,5,0.932446264073695,0.3804065912000595,0.001,False,5,75
3,AlternativeValueStrategy,6,0.9421699078812692,0.37066212681031996,0.001,False,5,90
3,AlternativeValueStrategy,7,0.9488229273285568,0.3654406474482629,0.001,False,5,105
3,AlternativeValueStrategy,8,0.9483111566018424,0.3646131580875766,0.001,False,5,120
3,AlternativeValueStrategy,9,0.9508700102354145,0.36219697902279513,0.001,False,5,135
4,SubstitutionStrategy,1,0.8623336745138178,0.4488501577608047,0.1,False,5,20
4,SubstitutionStrategy,2,0.872057318321392,0.43961450457572937,0.1,False,5,40
4,SubstitutionStrategy,3,0.8797338792221086,0.4336009352437912,0.1,False,5,60
4,SubstitutionStrategy,4,0.9334698055271239,0.37853770967452754,0.1,False,5,80
4,SubstitutionStrategy,5,0.946775844421699,0.367125561160426,0.1,False,5,100
4,SubstitutionStrategy,6,0.9575230296827022,0.3555411600297497,0.1,False,5,120
4,SubstitutionStrategy,1,0.9437052200614124,0.3703810687988035,0.01,False,5,20
4,SubstitutionStrategy,2,0.9524053224155579,0.36147918624262654,0.01,False,5,40
4,SubstitutionStrategy,1,0.5977482088024565,0.7151668129428741,0.001,False,5,20
4,SubstitutionStrategy,2,0.8213920163766633,0.4930651380169776,0.001,False,5,40
4,SubstitutionStrategy,3,0.8787103377686797,0.4330806530291034,0.001,False,5,60
4,SubstitutionStrategy,4,0.8955987717502559,0.4178265909994802,0.001,False,5,80
4,SubstitutionStrategy,5,0.898157625383828,0.4149529876247529,0.001,False,5,100
4,SubstitutionStrategy,6,0.9007164790174002,0.4126157702938203,0.001,False,5,120
4,SubstitutionStrategy,7,0.901740020470829,0.41093287641002285,0.001,False,5,140
4,SubstitutionStrategy,8,0.9073694984646878,0.40666870628633806,0.001,False,5,160
4,SubstitutionStrategy,9,0.9083930399181167,0.4059384628649681,0.001,False,5,180
4,SubstitutionStrategy,10,0.920675537359263,0.39272353245366004,0.001,False,5,200
4,SubstitutionStrategy,11,0.9211873080859775,0.39237378008903995,0.001,False,5,220
4,SubstitutionStrategy,12,0.9319344933469805,0.38039665164486053,0.001,False,5,240
4,SubstitutionStrategy,13,0.9385875127942682,0.3747273164410745,0.001,False,5,260
4,SubstitutionStrategy,14,0.9416581371545547,0.3719505033185405,0.001,False,5,280
4,SubstitutionStrategy,15,0.9472876151484135,0.3651774756370052,0.001,False,5,300
4,SubstitutionStrategy,16,0.9503582395087001,0.3628539616061795,0.001,False,5,320
4,MarginalizedSubstitutionStrategy,1,0.7256908904810645,0.5871329557511115,0.1,False,5,20
4,MarginalizedSubstitutionStrategy,2,0.8469805527123848,0.46536120099406086,0.1,False,5,40
4,MarginalizedSubstitutionStrategy,3,0.8843398157625384,0.4282085193741706,0.1,False,5,60
4,MarginalizedSubstitutionStrategy,4,0.9570112589559877,0.35604631227831685,0.1,False,5,80
4,MarginalizedSubstitutionStrategy,1,0.8515864892528148,0.4621865451335907,0.01,False,5,20
4,MarginalizedSubstitutionStrategy,2,0.8725690890481065,0.4405606773591811,0.01,False,5,40
4,MarginalizedSubstitutionStrategy,3,0.8730808597748209,0.43938439026955634,0.01,False,5,60
4,MarginalizedSubstitutionStrategy,4,0.8915046059365405,0.4208711193453881,0.01,False,5,80
4,MarginalizedSubstitutionStrategy,5,0.9232343909928352,0.3897124288543578,0.01,False,5,100
4,MarginalizedSubstitutionStrategy,6,0.9237461617195496,0.3892470396334125,0.01,False,5,120
4,MarginalizedSubstitutionStrategy,7,0.9503582395087001,0.36215248031000935,0.01,False,5,140
4,MarginalizedSubstitutionStrategy,1,0.7871033776867963,0.5266916799929834,0.001,False,5,20
4,MarginalizedSubstitutionStrategy,2,0.876663254861822,0.43625778152096656,0.001,False,5,40
4,MarginalizedSubstitutionStrategy,3,0.8884339815762539,0.42525686660120565,0.001,False,5,60
4,MarginalizedSubstitutionStrategy,4,0.9191402251791198,0.39423295278703013,0.001,False,5,80
4,MarginalizedSubstitutionStrategy,5,0.9263050153531218,0.3863896266106636,0.001,False,5,100
4,MarginalizedSubstitutionStrategy,6,0.932446264073695,0.380513132579865,0.001,False,5,120
4,MarginalizedSubstitutionStrategy,7,0.9339815762538383,0.37916952275460764,0.001,False,5,140
4,MarginalizedSubstitutionStrategy,8,0.9344933469805528,0.3795565607086305,0.001,False,5,160
4,MarginalizedSubstitutionStrategy,9,0.9350051177072671,0.377271379193952,0.001,False,5,180
4,MarginalizedSubstitutionStrategy,10,0.9355168884339816,0.3772148480338435,0.001,False,5,200
4,MarginalizedSubstitutionStrategy,11,0.9426816786079836,0.37110880209553626,0.001,False,5,220
4,MarginalizedSubstitutionStrategy,12,0.9477993858751279,0.36556251202860185,0.001,False,5,240
4,MarginalizedSubstitutionStrategy,13,0.9503582395087001,0.3621528369765128,0.001,False,5,260
4,AlternativeValueStrategy,1,0.7691914022517912,0.5425313634257163,0.1,False,5,20
4,AlternativeValueStrategy,2,0.8904810644831116,0.422904557758762,0.1,False,5,40
4,AlternativeValueStrategy,3,0.9232343909928352,0.3893113213200723,0.1,False,5,60
4,AlternativeValueStrategy,4,0.9385875127942682,0.3746336871577847,0.1,False,5,80
4,AlternativeValueStrategy,5,0.9380757420675537,0.37691805728020206,0.1,False,5,100
4,AlternativeValueStrategy,6,0.9437052200614124,0.3697323356905291,0.1,False,5,120
4,AlternativeValueStrategy,7,0.9447287615148413,0.3681434815929782,0.1,False,5,140
4,AlternativeValueStrategy,8,0.9457523029682702,0.3672385821419378,0.1,False,5,160
4,AlternativeValueStrategy,9,0.946775844421699,0.365813672542572,0.1,False,5,180
4,AlternativeValueStrategy,10,0.9544524053224156,0.35856537184407633,0.1,False,5,200
4,AlternativeValueStrategy,1,0.8915046059365405,0.4214253117961268,0.01,False,5,20
4,AlternativeValueStrategy,2,0.9278403275332651,0.3852197652862918,0.01,False,5,40
4,AlternativeValueStrategy,3,0.9534288638689867,0.3604644296630736,0.01,False,5,60
4,AlternativeValueStrategy,1,0.9242579324462641,0.3897897005081177,0.001,False,5,20
4,AlternativeValueStrategy,2,0.9426816786079836,0.37016145740785905,0.001,False,5,40
4,AlternativeValueStrategy,3,0.951381780962129,0.36203428141532407,0.001,False,5,60
5,SubstitutionStrategy,1,0.973899692937564,0.3398593481509916,0.1,False,5,25
5,SubstitutionStrategy,1,0.9048106448311156,0.4082788700057614,0.01,False,5,25
5,SubstitutionStrategy,2,0.9048106448311156,0.4083979206700479,0.01,False,5,50
5,SubstitutionStrategy,3,0.9309109518935517,0.38182405983248063,0.01,False,5,75
5,SubstitutionStrategy,4,0.9314227226202662,0.38258099075286617,0.01,False,5,100
5,SubstitutionStrategy,5,0.9416581371545547,0.3716167634533298,0.01,False,5,125
5,SubstitutionStrategy,6,0.9539406345957011,0.3601924546303288,0.01,False,5,150
5,SubstitutionStrategy,1,0.6207778915046059,0.692539793829764,0.001,False,5,25
5,SubstitutionStrategy,2,0.8408393039918116,0.4738067609648551,0.001,False,5,50
5,SubstitutionStrategy,3,0.8659160696008188,0.44620051210926426,0.001,False,5,75
5,SubstitutionStrategy,4,0.8664278403275333,0.44707935952371164,0.001,False,5,100
5,SubstitutionStrategy,5,0.8746161719549642,0.4370463769282064,0.001,False,5,125
5,SubstitutionStrategy,6,0.8771750255885363,0.43703997135162354,0.001,False,5,150
5,SubstitutionStrategy,7,0.8807574206755373,0.43149516178715613,0.001,False,5,175
5,SubstitutionStrategy,8,0.8925281473899693,0.42066294243258817,0.001,False,5,200
5,SubstitutionStrategy,9,0.8935516888433982,0.41943436572628634,0.001,False,5,225
5,SubstitutionStrategy,10,0.9503582395087001,0.36303283322241997,0.001,False,5,250
5,MarginalizedSubstitutionStrategy,1,0.7302968270214943,0.5845630495778976,0.1,False,5,25
5,MarginalizedSubstitutionStrategy,2,0.8930399181166837,0.4210168392427506,0.1,False,5,50
5,MarginalizedSubstitutionStrategy,3,0.9421699078812692,0.3716431250495295,0.1,False,5,75
5,MarginalizedSubstitutionStrategy,4,0.9421699078812692,0.3705041283561337,0.1,False,5,100
5,MarginalizedSubstitutionStrategy,5,0.951381780962129,0.36158954616515865,0.1,False,5,125
5,MarginalizedSubstitutionStrategy,1,0.9012282497441146,0.4118729618287856,0.01,False,5,25
5,MarginalizedSubstitutionStrategy,2,0.8996929375639714,0.4136416094918405,0.01,False,5,50
5,MarginalizedSubstitutionStrategy,3,0.932446264073695,0.3805535320312746,0.01,False,5,75
5,MarginalizedSubstitutionStrategy,4,0.9595701125895599,0.35302831857435163,0.01,False,5,100
5,MarginalizedSubstitutionStrategy,1,0.8602865916069601,0.4530321378861704,0.001,False,5,25
5,MarginalizedSubstitutionStrategy,2,0.8971340839303992,0.4168535345985043,0.001,False,5,50
5,MarginalizedSubstitutionStrategy,3,0.9176049129989765,0.39510271626134075,0.001,False,5,75
5,MarginalizedSubstitutionStrategy,4,0.9380757420675537,0.3755838544138016,0.001,False,5,100
5,MarginalizedSubstitutionStrategy,5,0.9411463664278403,0.37176289962184045,0.001,False,5,125
5,MarginalizedSubstitutionStrategy,6,0.9488229273285568,0.3649986107503214,0.001,False,5,150
5,MarginalizedSubstitutionStrategy,7,0.951381780962129,0.36114535504771816,0.001,False,5,175
5,AlternativeValueStrategy,1,0.8945752302968271,0.4199376317762559,0.1,False,5,25
5,AlternativeValueStrategy,2,0.9718526100307062,0.3412141328857791,0.1,False,5,50
5,AlternativeValueStrategy,1,0.936028659160696,0.3772955902161137,0.01,False,5,25
5,AlternativeValueStrategy,2,0.9390992835209826,0.3739704249366637,0.01,False,5,50
5,AlternativeValueStrategy,3,0.9390992835209826,0.37453479439981524,0.01,False,5,75
5,AlternativeValueStrategy,4,0.9554759467758445,0.3571124845935452,0.01,False,5,100
5,AlternativeValueStrategy,1,0.8940634595701126,0.4198997491790402,0.001,False,5,25
5,AlternativeValueStrategy,2,0.9058341862845445,0.40699260369423895,0.001,False,5,50
5,AlternativeValueStrategy,3,0.9293756397134084,0.385349468838784,0.001,False,5,75
5,AlternativeValueStrategy,4,0.9344933469805528,0.3786502057506192,0.001,False,5,100
5,AlternativeValueStrategy,5,0.9390992835209826,0.37467027191192875,0.001,False,5,125
5,AlternativeValueStrategy,6,0.9442169907881269,0.369089211187055,0.001,False,5,150
5,AlternativeValueStrategy,7,0.9452405322415558,0.3685221989308634,0.001,False,5,175
5,AlternativeValueStrategy,8,0.946775844421699,0.36668803422681745,0.001,False,5,200
5,AlternativeValueStrategy,9,0.9508700102354145,0.3620733109212691,0.001,False,5,225
