ce_num,strategy,epoch,accuracy,average_loss,lr,from_ground_zero,num_of_instances_per_epoch,num_of_artificial_instances
1,SubstitutionStrategy,1,0.8700102354145343,0.44304749369621277,0.1,False,5,5
1,SubstitutionStrategy,2,0.8597748208802457,0.4533311715049128,0.1,False,5,10
1,SubstitutionStrategy,3,0.8730808597748209,0.44093015982258704,0.1,False,5,15
1,SubstitutionStrategy,4,0.8449334698055271,0.4682103741553522,0.1,False,5,20
1,SubstitutionStrategy,5,0.8464687819856704,0.466396257761986,0.1,False,5,25
1,SubstitutionStrategy,6,0.8469805527123848,0.46574421082773515,0.1,False,5,30
1,SubstitutionStrategy,7,0.9646878198567042,0.3484820242851011,0.1,False,5,35
1,SubstitutionStrategy,1,0.7589559877175026,0.5509169207465264,0.01,False,5,5
1,SubstitutionStrategy,2,0.8607983623336745,0.4533569985820401,0.01,False,5,10
1,SubstitutionStrategy,3,0.9350051177072671,0.3782106493749926,0.01,False,5,15
1,SubstitutionStrategy,4,0.9344933469805528,0.37864995483429204,0.01,False,5,20
1,SubstitutionStrategy,5,0.9370522006141249,0.3759389212054591,0.01,False,5,25
1,SubstitutionStrategy,6,0.9518935516888434,0.3615301193729524,0.01,False,5,30
1,SubstitutionStrategy,1,0.6673490276356192,0.6459416401001715,0.001,False,5,5
1,SubstitutionStrategy,2,0.8219037871033776,0.4926639410757249,0.001,False,5,10
1,SubstitutionStrategy,3,0.8889457523029682,0.424417854316773,0.001,False,5,15
1,SubstitutionStrategy,4,0.9119754350051177,0.4006805564126661,0.001,False,5,20
1,SubstitutionStrategy,5,0.9155578300921188,0.39679114376344987,0.001,False,5,25
1,SubstitutionStrategy,6,0.917093142272262,0.3957904577255249,0.001,False,5,30
1,SubstitutionStrategy,7,0.9181166837256909,0.39573081462613996,0.001,False,5,35
1,SubstitutionStrategy,8,0.9319344933469805,0.38207565296080803,0.001,False,5,40
1,SubstitutionStrategy,9,0.9385875127942682,0.3750798221557371,0.001,False,5,45
1,SubstitutionStrategy,10,0.9385875127942682,0.37435747346570414,0.001,False,5,50
1,SubstitutionStrategy,11,0.9411463664278403,0.37300378180319266,0.001,False,5,55
1,SubstitutionStrategy,12,0.9508700102354145,0.36170907751206427,0.001,False,5,60
1,MarginalizedSubstitutionStrategy,1,0.8935516888433982,0.41884326261858784,0.1,False,5,5
1,MarginalizedSubstitutionStrategy,2,0.9273285568065507,0.3857381949501653,0.1,False,5,10
1,MarginalizedSubstitutionStrategy,3,0.9278403275332651,0.3857229332770071,0.1,False,5,15
1,MarginalizedSubstitutionStrategy,4,0.9539406345957011,0.3595746390281185,0.1,False,5,20
1,MarginalizedSubstitutionStrategy,1,0.8055271238485159,0.5079051063906762,0.01,False,5,5
1,MarginalizedSubstitutionStrategy,2,0.8746161719549642,0.4382998654919286,0.01,False,5,10
1,MarginalizedSubstitutionStrategy,3,0.887410440122825,0.4269033526220629,0.01,False,5,15
1,MarginalizedSubstitutionStrategy,4,0.8899692937563971,0.42250113621834784,0.01,False,5,20
1,MarginalizedSubstitutionStrategy,5,0.890992835209826,0.42235866477412565,0.01,False,5,25
1,MarginalizedSubstitutionStrategy,6,0.8961105424769703,0.4173598068375741,0.01,False,5,30
1,MarginalizedSubstitutionStrategy,7,0.8961105424769703,0.41780393835036983,0.01,False,5,35
1,MarginalizedSubstitutionStrategy,8,0.8961105424769703,0.41713445705752217,0.01,False,5,40
1,MarginalizedSubstitutionStrategy,9,0.9048106448311156,0.40878649584708676,0.01,False,5,45
1,MarginalizedSubstitutionStrategy,10,0.9191402251791198,0.3947903302408034,0.01,False,5,50
1,MarginalizedSubstitutionStrategy,11,0.9181166837256909,0.39568586214896173,0.01,False,5,55
1,MarginalizedSubstitutionStrategy,12,0.9191402251791198,0.39381839094623444,0.01,False,5,60
1,MarginalizedSubstitutionStrategy,13,0.920675537359263,0.3918314835717601,0.01,False,5,65
1,MarginalizedSubstitutionStrategy,14,0.9196519959058342,0.3938629213840731,0.01,False,5,70
1,MarginalizedSubstitutionStrategy,15,0.9339815762538383,0.3796161124783178,0.01,False,5,75
1,MarginalizedSubstitutionStrategy,16,0.9559877175025588,0.3588439908719832,0.01,False,5,80
1,MarginalizedSubstitutionStrategy,1,0.7333674513817809,0.580300856982508,0.001,False,5,5
1,MarginalizedSubstitutionStrategy,2,0.7947799385875128,0.5199277208697412,0.001,False,5,10
1,MarginalizedSubstitutionStrategy,3,0.9048106448311156,0.40915200018113657,0.001,False,5,15
1,MarginalizedSubstitutionStrategy,4,0.9319344933469805,0.38113509070488716,0.001,False,5,20
1,MarginalizedSubstitutionStrategy,5,0.9370522006141249,0.3759172318443175,0.001,False,5,25
1,MarginalizedSubstitutionStrategy,6,0.9421699078812692,0.3711158037185669,0.001,False,5,30
1,MarginalizedSubstitutionStrategy,7,0.946775844421699,0.3665707072904033,0.001,False,5,35
1,MarginalizedSubstitutionStrategy,8,0.9503582395087001,0.3622939384752704,0.001,False,5,40
1,AlternativeValueStrategy,1,0.9744114636642784,0.3398026487519664,0.1,False,5,5
1,AlternativeValueStrategy,1,0.8940634595701126,0.4193606751580392,0.01,False,5,5
1,AlternativeValueStrategy,2,0.9247697031729785,0.388518609346882,0.01,False,5,10
1,AlternativeValueStrategy,3,0.9247697031729785,0.38913340914633965,0.01,False,5,15
1,AlternativeValueStrategy,4,0.9319344933469805,0.38072791214912166,0.01,False,5,20
1,AlternativeValueStrategy,5,0.9314227226202662,0.38211333751678467,0.01,False,5,25
1,AlternativeValueStrategy,6,0.9334698055271239,0.37946602798277335,0.01,False,5,30
1,AlternativeValueStrategy,7,0.9524053224155579,0.36131069160276846,0.01,False,5,35
1,AlternativeValueStrategy,1,0.8157625383828045,0.49761773309400004,0.001,False,5,5
1,AlternativeValueStrategy,2,0.8490276356192425,0.46373078515452726,0.001,False,5,10
1,AlternativeValueStrategy,3,0.872057318321392,0.4400196238871544,0.001,False,5,15
1,AlternativeValueStrategy,4,0.8894575230296827,0.42476023973957183,0.001,False,5,20
1,AlternativeValueStrategy,5,0.8904810644831116,0.4224510394757794,0.001,False,5,25
1,AlternativeValueStrategy,6,0.8955987717502559,0.41851432381137726,0.001,False,5,30
1,AlternativeValueStrategy,7,0.9242579324462641,0.38911052384684164,0.001,False,5,35
1,AlternativeValueStrategy,8,0.9426816786079836,0.3705679274374439,0.001,False,5,40
1,AlternativeValueStrategy,9,0.9437052200614124,0.369581260027424,0.001,False,5,45
1,AlternativeValueStrategy,10,0.9447287615148413,0.3685846059553085,0.001,False,5,50
1,AlternativeValueStrategy,11,0.9437052200614124,0.3690458901466862,0.001,False,5,55
1,AlternativeValueStrategy,12,0.9462640736949847,0.3670746039959692,0.001,False,5,60
1,AlternativeValueStrategy,13,0.9457523029682702,0.36802336765873817,0.001,False,5,65
1,AlternativeValueStrategy,14,0.9462640736949847,0.36617796747915204,0.001,False,5,70
1,AlternativeValueStrategy,15,0.9457523029682702,0.3675785372334142,0.001,False,5,75
1,AlternativeValueStrategy,16,0.9503582395087001,0.3626733566484144,0.001,False,5,80
1,RandomStrategy,1,0.5834186284544524,0.7291000966102846,0.1,False,5,5
1,RandomStrategy,2,0.5951893551688844,0.7165319112039381,0.1,False,5,10
1,RandomStrategy,3,0.5946775844421699,0.7173640689542217,0.1,False,5,15
1,RandomStrategy,4,0.5962128966223132,0.7167250860121942,0.1,False,5,20
1,RandomStrategy,5,0.5962128966223132,0.715833185180541,0.1,False,5,25
1,RandomStrategy,6,0.5977482088024565,0.7153380513191223,0.1,False,5,30
1,RandomStrategy,7,0.5987717502558854,0.7146502848594419,0.1,False,5,35
1,RandomStrategy,8,0.5987717502558854,0.7137597876210366,0.1,False,5,40
1,RandomStrategy,9,0.5987717502558854,0.7172392741326363,0.1,False,5,45
1,RandomStrategy,10,0.6003070624360286,0.7111166042666281,0.1,False,5,50
1,RandomStrategy,11,0.6003070624360286,0.715443359267327,0.1,False,5,55
1,RandomStrategy,12,0.6023541453428863,0.7113756441300915,0.1,False,5,60
1,RandomStrategy,13,0.6177072671443193,0.6955539391886804,0.1,False,5,65
1,RandomStrategy,14,0.6187308085977482,0.6944841454105992,0.1,False,5,70
1,RandomStrategy,15,0.6192425793244627,0.6960425838347404,0.1,False,5,75
1,RandomStrategy,16,0.6192425793244627,0.6940566474391568,0.1,False,5,80
1,RandomStrategy,17,0.6760491299897646,0.6373423491754839,0.1,False,5,85
1,RandomStrategy,18,0.6719549641760492,0.6407749479816806,0.1,False,5,90
1,RandomStrategy,19,0.6673490276356192,0.6455837122855648,0.1,False,5,95
1,RandomStrategy,20,0.6637666325486182,0.6507214692331129,0.1,False,5,100
1,RandomStrategy,21,0.6586489252814739,0.6552401300399534,0.1,False,5,105
1,RandomStrategy,22,0.6581371545547595,0.6556367451144803,0.1,False,5,110
1,RandomStrategy,23,0.6581371545547595,0.6538047905891172,0.1,False,5,115
1,RandomStrategy,24,0.6560900716479018,0.6557610630989075,0.1,False,5,120
1,RandomStrategy,25,0.6637666325486182,0.6510657322022223,0.1,False,5,125
1,RandomStrategy,26,0.6647901740020471,0.6464286831117445,0.1,False,5,130
1,RandomStrategy,27,0.6663254861821903,0.6466089487075806,0.1,False,5,135
1,RandomStrategy,28,0.6709314227226203,0.6439810972059926,0.1,False,5,140
1,RandomStrategy,29,0.6709314227226203,0.6419352696787927,0.1,False,5,145
1,RandomStrategy,30,0.6709314227226203,0.643165365342171,0.1,False,5,150
1,RandomStrategy,31,0.6709314227226203,0.6428723085311151,0.1,False,5,155
1,RandomStrategy,32,0.6719549641760492,0.6401042380640584,0.1,False,5,160
1,RandomStrategy,33,0.6719549641760492,0.6434688087432615,0.1,False,5,165
1,RandomStrategy,34,0.6724667349027635,0.6420071874895403,0.1,False,5,170
1,RandomStrategy,35,0.672978505629478,0.6439643963690727,0.1,False,5,175
1,RandomStrategy,36,0.672978505629478,0.6399644882448258,0.1,False,5,180
1,RandomStrategy,37,0.7451381780962129,0.5675404110262471,0.1,False,5,185
1,RandomStrategy,38,0.7446264073694985,0.5669372908530697,0.1,False,5,190
1,RandomStrategy,39,0.744114636642784,0.569647591921591,0.1,False,5,195
1,RandomStrategy,40,0.7436028659160696,0.5692222916310833,0.1,False,5,200
1,RandomStrategy,41,0.8167860798362334,0.49593147923869474,0.1,False,5,205
1,RandomStrategy,42,0.8121801432958035,0.5000205318773946,0.1,False,5,210
1,RandomStrategy,43,0.8065506653019447,0.5077019554953421,0.1,False,5,215
1,RandomStrategy,44,0.8039918116683725,0.508105477017741,0.1,False,5,220
1,RandomStrategy,45,0.8019447287615148,0.5101124596211218,0.1,False,5,225
1,RandomStrategy,46,0.8004094165813715,0.51293138534792,0.1,False,5,230
1,RandomStrategy,47,0.7968270214943706,0.514245105366553,0.1,False,5,235
1,RandomStrategy,48,0.7963152507676561,0.5187863515269372,0.1,False,5,240
1,RandomStrategy,49,0.7947799385875128,0.5187159843983189,0.1,False,5,245
1,RandomStrategy,50,0.793756397134084,0.5206258844944739,0.1,False,5,250
1,RandomStrategy,51,0.7917093142272262,0.52216421308056,0.1,False,5,255
1,RandomStrategy,52,0.7906857727737974,0.524310746500569,0.1,False,5,260
1,RandomStrategy,53,0.7906857727737974,0.5234297936962496,0.1,False,5,265
1,RandomStrategy,54,0.7906857727737974,0.5230696797370911,0.1,False,5,270
1,RandomStrategy,55,0.7896622313203685,0.5217454664168819,0.1,False,5,275
1,RandomStrategy,56,0.7886386898669396,0.525453366579548,0.1,False,5,280
1,RandomStrategy,57,0.7886386898669396,0.5269680042420665,0.1,False,5,285
1,RandomStrategy,58,0.7860798362333674,0.5286620653444721,0.1,False,5,290
1,RandomStrategy,59,0.7860798362333674,0.5270146314174898,0.1,False,5,295
1,RandomStrategy,60,0.7845445240532242,0.5296503324662486,0.1,False,5,300
1,RandomStrategy,61,0.7835209825997953,0.5297331194723806,0.1,False,5,305
1,RandomStrategy,62,0.7835209825997953,0.5316668104740881,0.1,False,5,310
1,RandomStrategy,63,0.7835209825997953,0.5317936472354396,0.1,False,5,315
1,RandomStrategy,64,0.7835209825997953,0.528717763000919,0.1,False,5,320
1,RandomStrategy,65,0.7835209825997953,0.5288333835140351,0.1,False,5,325
1,RandomStrategy,66,0.7865916069600819,0.5270315581752408,0.1,False,5,330
1,RandomStrategy,67,0.7865916069600819,0.5278993085507424,0.1,False,5,335
1,RandomStrategy,68,0.7850562947799385,0.5265573551577907,0.1,False,5,340
1,RandomStrategy,69,0.7845445240532242,0.5274459681203288,0.1,False,5,345
1,RandomStrategy,70,0.7845445240532242,0.5289734659656402,0.1,False,5,350
1,RandomStrategy,71,0.7845445240532242,0.5307800308350594,0.1,False,5,355
1,RandomStrategy,72,0.7845445240532242,0.5294549609384229,0.1,False,5,360
1,RandomStrategy,73,0.7845445240532242,0.5285610633511697,0.1,False,5,365
1,RandomStrategy,74,0.7871033776867963,0.5261927439320472,0.1,False,5,370
1,RandomStrategy,75,0.7876151484135108,0.5255134028773154,0.1,False,5,375
1,RandomStrategy,76,0.7871033776867963,0.5272499342118541,0.1,False,5,380
1,RandomStrategy,77,0.7871033776867963,0.5264871841476809,0.1,False,5,385
1,RandomStrategy,78,0.7876151484135108,0.5250635983482483,0.1,False,5,390
1,RandomStrategy,79,0.7881269191402251,0.5241713206614217,0.1,False,5,395
1,RandomStrategy,80,0.7876151484135108,0.5254181546549643,0.1,False,5,400
1,RandomStrategy,81,0.7876151484135108,0.525518722111179,0.1,False,5,405
1,RandomStrategy,82,0.7876151484135108,0.5265143898225599,0.1,False,5,410
1,RandomStrategy,83,0.7871033776867963,0.5263260679860269,0.1,False,5,415
1,RandomStrategy,84,0.7871033776867963,0.5250809452226085,0.1,False,5,420
1,RandomStrategy,85,0.7865916069600819,0.5272268720211521,0.1,False,5,425
1,RandomStrategy,86,0.7865916069600819,0.5251956726274183,0.1,False,5,430
1,RandomStrategy,87,0.7865916069600819,0.5265546191123224,0.1,False,5,435
1,RandomStrategy,88,0.7865916069600819,0.5265548844491282,0.1,False,5,440
1,RandomStrategy,89,0.7865916069600819,0.5261104145357686,0.1,False,5,445
1,RandomStrategy,90,0.7886386898669396,0.5250435932990043,0.1,False,5,450
1,RandomStrategy,91,0.7886386898669396,0.5240706897551014,0.1,False,5,455
1,RandomStrategy,92,0.7886386898669396,0.5245203491180174,0.1,False,5,460
1,RandomStrategy,93,0.7881269191402251,0.5262145246228864,0.1,False,5,465
1,RandomStrategy,94,0.7886386898669396,0.523533002022774,0.1,False,5,470
1,RandomStrategy,95,0.7886386898669396,0.5266607038436397,0.1,False,5,475
1,RandomStrategy,96,0.7886386898669396,0.5253436469262646,0.1,False,5,480
1,RandomStrategy,97,0.7886386898669396,0.5244998720384413,0.1,False,5,485
1,RandomStrategy,98,0.7886386898669396,0.5240555559435198,0.1,False,5,490
1,RandomStrategy,99,0.7886386898669396,0.5254027468542899,0.1,False,5,495
1,RandomStrategy,100,0.7886386898669396,0.5240722836986664,0.1,False,5,500
1,RandomStrategy,101,0.7886386898669396,0.5254035640147424,0.1,False,5,505
1,RandomStrategy,102,0.7886386898669396,0.5240461585983154,0.1,False,5,510
1,RandomStrategy,103,0.7886386898669396,0.5238085764069711,0.1,False,5,515
1,RandomStrategy,104,0.789150460593654,0.5238359195570792,0.1,False,5,520
1,RandomStrategy,105,0.7896622313203685,0.5229680903496281,0.1,False,5,525
1,RandomStrategy,106,0.7896622313203685,0.5239664114290669,0.1,False,5,530
1,RandomStrategy,107,0.7896622313203685,0.5261476039886475,0.1,False,5,535
1,RandomStrategy,108,0.7896622313203685,0.5243690042726455,0.1,False,5,540
1,RandomStrategy,109,0.7896622313203685,0.5230465935122582,0.1,False,5,545
1,RandomStrategy,110,0.7896622313203685,0.522582019529035,0.1,False,5,550
1,RandomStrategy,111,0.7896622313203685,0.5233503157092679,0.1,False,5,555
1,RandomStrategy,112,0.7896622313203685,0.5232661549122103,0.1,False,5,560
1,RandomStrategy,113,0.7901740020470829,0.5221963438295549,0.1,False,5,565
1,RandomStrategy,114,0.8244626407369499,0.4893393756881837,0.1,False,5,570
1,RandomStrategy,115,0.8229273285568065,0.488675796216534,0.1,False,5,575
1,RandomStrategy,116,0.8219037871033776,0.49047353863716125,0.1,False,5,580
1,RandomStrategy,117,0.8203684749232344,0.4916568677271566,0.1,False,5,585
1,RandomStrategy,118,0.8203684749232344,0.4933312439149426,0.1,False,5,590
1,RandomStrategy,119,0.81985670419652,0.4939320683479309,0.1,False,5,595
1,RandomStrategy,120,0.81985670419652,0.49241368905190497,0.1,False,5,600
1,RandomStrategy,121,0.8193449334698055,0.49294197751629737,0.1,False,5,605
1,RandomStrategy,122,0.8183213920163767,0.49476533070687323,0.1,False,5,610
1,RandomStrategy,123,0.8183213920163767,0.49619720347466006,0.1,False,5,615
1,RandomStrategy,124,0.8167860798362334,0.4948732833708486,0.1,False,5,620
1,RandomStrategy,125,0.8152507676560901,0.4974322299803457,0.1,False,5,625
1,RandomStrategy,126,0.8142272262026612,0.49711998720322886,0.1,False,5,630
1,RandomStrategy,127,0.8137154554759468,0.5001090524658081,0.1,False,5,635
1,RandomStrategy,128,0.8137154554759468,0.4985274509076149,0.1,False,5,640
1,RandomStrategy,129,0.8137154554759468,0.5013296796429542,0.1,False,5,645
1,RandomStrategy,130,0.8132036847492323,0.4994735304386385,0.1,False,5,650
1,RandomStrategy,131,0.812691914022518,0.5010303768419451,0.1,False,5,655
1,RandomStrategy,132,0.8116683725690891,0.5014585621895329,0.1,False,5,660
1,RandomStrategy,133,0.8116683725690891,0.5021482071568889,0.1,False,5,665
1,RandomStrategy,134,0.8116683725690891,0.5018314094312729,0.1,False,5,670
1,RandomStrategy,135,0.8116683725690891,0.5014857178734194,0.1,False,5,675
1,RandomStrategy,136,0.8111566018423746,0.5007480325237397,0.1,False,5,680
1,RandomStrategy,137,0.8111566018423746,0.5031047078870958,0.1,False,5,685
1,RandomStrategy,138,0.8106448311156602,0.5025356363865637,0.1,False,5,690
1,RandomStrategy,139,0.8106448311156602,0.5019077399084645,0.1,False,5,695
1,RandomStrategy,140,0.834186284544524,0.4801519416993664,0.1,False,5,700
1,RandomStrategy,141,0.8326509723643808,0.4789648075257578,0.1,False,5,705
1,RandomStrategy,142,0.8326509723643808,0.4811934367302925,0.1,False,5,710
1,RandomStrategy,143,0.8326509723643808,0.4798983768109352,0.1,False,5,715
1,RandomStrategy,144,0.8321392016376663,0.4800718311340578,0.1,False,5,720
1,RandomStrategy,145,0.8311156601842374,0.48269144758101434,0.1,False,5,725
1,RandomStrategy,146,0.8306038894575231,0.48125979015904086,0.1,False,5,730
1,RandomStrategy,147,0.8306038894575231,0.4842181705659436,0.1,False,5,735
1,RandomStrategy,148,0.8331627430910952,0.48108550233225666,0.1,False,5,740
1,RandomStrategy,149,0.8331627430910952,0.4793551400784523,0.1,False,5,745
1,RandomStrategy,150,0.8326509723643808,0.48070125714425116,0.1,False,5,750
1,RandomStrategy,151,0.8321392016376663,0.4807037461188532,0.1,False,5,755
1,RandomStrategy,152,0.8316274309109519,0.4806284923707285,0.1,False,5,760
1,RandomStrategy,153,0.8316274309109519,0.4817464197835615,0.1,False,5,765
1,RandomStrategy,154,0.8858751279426816,0.42784252570521447,0.1,False,5,770
1,RandomStrategy,155,0.8863868986693961,0.42649501273708956,0.1,False,5,775
1,RandomStrategy,156,0.8858751279426816,0.4283097482496692,0.1,False,5,780
1,RandomStrategy,157,0.8843398157625384,0.4279943944946412,0.1,False,5,785
1,RandomStrategy,158,0.8848515864892528,0.42810552831619014,0.1,False,5,790
1,RandomStrategy,159,0.8868986693961105,0.4257899013257796,0.1,False,5,795
1,RandomStrategy,160,0.8863868986693961,0.42695668051319735,0.1,False,5,800
1,RandomStrategy,161,0.8858751279426816,0.4268584385994942,0.1,False,5,805
1,RandomStrategy,162,0.8858751279426816,0.4279055912648478,0.1,False,5,810
1,RandomStrategy,163,0.8853633572159673,0.4275332006715959,0.1,False,5,815
1,RandomStrategy,164,0.8848515864892528,0.42933384160841664,0.1,False,5,820
1,RandomStrategy,165,0.8848515864892528,0.4276184487727381,0.1,False,5,825
1,RandomStrategy,166,0.8843398157625384,0.42806188425710123,0.1,False,5,830
1,RandomStrategy,167,0.8843398157625384,0.4289519767607412,0.1,False,5,835
1,RandomStrategy,168,0.8843398157625384,0.42984149244523817,0.1,False,5,840
1,RandomStrategy,169,0.8843398157625384,0.4281064204631313,0.1,False,5,845
1,RandomStrategy,170,0.8843398157625384,0.4290860304909368,0.1,False,5,850
1,RandomStrategy,171,0.8838280450358239,0.4292162849057105,0.1,False,5,855
1,RandomStrategy,172,0.8838280450358239,0.42899315491799384,0.1,False,5,860
1,RandomStrategy,173,0.8838280450358239,0.4285634679179038,0.1,False,5,865
1,RandomStrategy,174,0.8838280450358239,0.4299008980874092,0.1,False,5,870
1,RandomStrategy,175,0.8838280450358239,0.4299159636420588,0.1,False,5,875
1,RandomStrategy,176,0.8838280450358239,0.4304721268915361,0.1,False,5,880
1,RandomStrategy,177,0.8833162743091095,0.42988450008053936,0.1,False,5,885
1,RandomStrategy,178,0.8833162743091095,0.42995809931908885,0.1,False,5,890
1,RandomStrategy,179,0.8833162743091095,0.430404705386008,0.1,False,5,895
1,RandomStrategy,180,0.8833162743091095,0.4299600345473136,0.1,False,5,900
1,RandomStrategy,181,0.8833162743091095,0.4304047765270356,0.1,False,5,905
1,RandomStrategy,182,0.8833162743091095,0.42907058135155707,0.1,False,5,910
1,RandomStrategy,183,0.8833162743091095,0.4312964956606588,0.1,False,5,915
1,RandomStrategy,184,0.8833162743091095,0.430000058104915,0.1,False,5,920
1,RandomStrategy,185,0.882804503582395,0.4305171274369763,0.1,False,5,925
1,RandomStrategy,186,0.882804503582395,0.4331285472839109,0.1,False,5,930
1,RandomStrategy,187,0.882804503582395,0.4309084790368234,0.1,False,5,935
1,RandomStrategy,188,0.882804503582395,0.4313534777010641,0.1,False,5,940
1,RandomStrategy,189,0.882804503582395,0.43090929908137166,0.1,False,5,945
1,RandomStrategy,190,0.882804503582395,0.4305295790395429,0.1,False,5,950
1,RandomStrategy,191,0.9053224155578301,0.40856182671362357,0.1,False,5,955
1,RandomStrategy,192,0.9032753326509724,0.41162687347781274,0.1,False,5,960
1,RandomStrategy,193,0.901740020470829,0.41181490786613956,0.1,False,5,965
1,RandomStrategy,194,0.9012282497441146,0.4127637974677547,0.1,False,5,970
1,RandomStrategy,195,0.8991811668372569,0.4129929109927147,0.1,False,5,975
1,RandomStrategy,196,0.8976458546571137,0.417181110189807,0.1,False,5,980
1,RandomStrategy,197,0.8971340839303992,0.4159063927588924,0.1,False,5,985
1,RandomStrategy,198,0.8966223132036848,0.41640387139012736,0.1,False,5,990
1,RandomStrategy,199,0.9114636642784033,0.40090406325555616,0.1,False,5,995
1,RandomStrategy,200,0.9089048106448311,0.4056883665823167,0.1,False,5,1000
1,RandomStrategy,201,0.9068577277379734,0.40721927150603265,0.1,False,5,1005
1,RandomStrategy,202,0.9068577277379734,0.4063298221557371,0.1,False,5,1010
1,RandomStrategy,203,0.9068577277379734,0.40721930130835504,0.1,False,5,1015
1,RandomStrategy,204,0.906345957011259,0.4068339140184464,0.1,False,5,1020
1,RandomStrategy,205,0.9058341862845445,0.40734013626652377,0.1,False,5,1025
1,RandomStrategy,206,0.9048106448311156,0.4082633670299284,0.1,False,5,1030
1,RandomStrategy,207,0.9048106448311156,0.4096801713589699,0.1,False,5,1035
1,RandomStrategy,208,0.9042988741044012,0.40827307008927866,0.1,False,5,1040
1,RandomStrategy,209,0.9032753326509724,0.41019140424266937,0.1,False,5,1045
1,RandomStrategy,210,0.9032753326509724,0.4102895961653802,0.1,False,5,1050
1,RandomStrategy,211,0.9032753326509724,0.4094136290011867,0.1,False,5,1055
1,RandomStrategy,212,0.9032753326509724,0.40944771228298066,0.1,False,5,1060
1,RandomStrategy,213,0.9027635619242579,0.41076050554552385,0.1,False,5,1065
1,RandomStrategy,214,0.9027635619242579,0.41169350954794115,0.1,False,5,1070
1,RandomStrategy,215,0.9027635619242579,0.409921839352577,0.1,False,5,1075
1,RandomStrategy,216,0.9027635619242579,0.410953494810289,0.1,False,5,1080
1,RandomStrategy,217,0.901740020470829,0.41087985615576467,0.1,False,5,1085
1,RandomStrategy,218,0.9012282497441146,0.412302924740699,0.1,False,5,1090
1,RandomStrategy,219,0.9012282497441146,0.412767703494718,0.1,False,5,1095
1,RandomStrategy,220,0.9007164790174002,0.4130188293995396,0.1,False,5,1100
1,RandomStrategy,221,0.9007164790174002,0.41256698966026306,0.1,False,5,1105
1,RandomStrategy,222,0.9007164790174002,0.41318732307803246,0.1,False,5,1110
1,RandomStrategy,223,0.9002047082906858,0.41330612571008746,0.1,False,5,1115
1,RandomStrategy,224,0.9002047082906858,0.41242903374856515,0.1,False,5,1120
1,RandomStrategy,225,0.9002047082906858,0.41343928633197663,0.1,False,5,1125
1,RandomStrategy,226,0.8996929375639714,0.4120236241048382,0.1,False,5,1130
1,RandomStrategy,227,0.8996929375639714,0.41382984865096306,0.1,False,5,1135
1,RandomStrategy,228,0.8996929375639714,0.41303916900388654,0.1,False,5,1140
1,RandomStrategy,229,0.8991811668372569,0.4138154156746403,0.1,False,5,1145
1,RandomStrategy,230,0.8991811668372569,0.4161086803482425,0.1,False,5,1150
1,RandomStrategy,231,0.8991811668372569,0.4134560650394809,0.1,False,5,1155
1,RandomStrategy,232,0.8991811668372569,0.41360111678800277,0.1,False,5,1160
1,RandomStrategy,233,0.8991811668372569,0.4149460206108709,0.1,False,5,1165
1,RandomStrategy,234,0.8986693961105425,0.4138626888875038,0.1,False,5,1170
1,RandomStrategy,235,0.8986693961105425,0.4138243592554523,0.1,False,5,1175
1,RandomStrategy,236,0.8986693961105425,0.41417869252543293,0.1,False,5,1180
1,RandomStrategy,237,0.8986693961105425,0.4140005890400179,0.1,False,5,1185
1,RandomStrategy,238,0.898157625383828,0.415308024614088,0.1,False,5,1190
1,RandomStrategy,239,0.898157625383828,0.41444554252009236,0.1,False,5,1195
1,RandomStrategy,240,0.898157625383828,0.4166768145176672,0.1,False,5,1200
1,RandomStrategy,241,0.898157625383828,0.4148989733188383,0.1,False,5,1205
1,RandomStrategy,242,0.898157625383828,0.41534528328526404,0.1,False,5,1210
1,RandomStrategy,243,0.898157625383828,0.41401191199979476,0.1,False,5,1215
1,RandomStrategy,244,0.898157625383828,0.414485695862001,0.1,False,5,1220
1,RandomStrategy,245,0.8976458546571137,0.4147123146441675,0.1,False,5,1225
1,RandomStrategy,246,0.8976458546571137,0.41546682580824823,0.1,False,5,1230
1,RandomStrategy,247,0.8971340839303992,0.4147120156595784,0.1,False,5,1235
1,RandomStrategy,248,0.8971340839303992,0.4165451363209755,0.1,False,5,1240
1,RandomStrategy,249,0.8971340839303992,0.4155913293361664,0.1,False,5,1245
1,RandomStrategy,250,0.8971340839303992,0.4156665696251777,0.1,False,5,1250
1,RandomStrategy,251,0.8971340839303992,0.4158559095474981,0.1,False,5,1255
1,RandomStrategy,252,0.8971340839303992,0.41539902648618143,0.1,False,5,1260
1,RandomStrategy,253,0.8971340839303992,0.41507363607806547,0.1,False,5,1265
1,RandomStrategy,254,0.8966223132036848,0.4161501036536309,0.1,False,5,1270
1,RandomStrategy,255,0.8966223132036848,0.4172841570069713,0.1,False,5,1275
1,RandomStrategy,256,0.8966223132036848,0.41680790628156356,0.1,False,5,1280
1,RandomStrategy,257,0.8966223132036848,0.4163812485433394,0.1,False,5,1285
1,RandomStrategy,258,0.8966223132036848,0.4164011122718934,0.1,False,5,1290
1,RandomStrategy,259,0.8966223132036848,0.4168342351913452,0.1,False,5,1295
1,RandomStrategy,260,0.8966223132036848,0.41681736227004756,0.1,False,5,1300
1,RandomStrategy,261,0.8966223132036848,0.4168054086546744,0.1,False,5,1305
1,RandomStrategy,262,0.8966223132036848,0.4159270082750628,0.1,False,5,1310
1,RandomStrategy,263,0.8966223132036848,0.4163969082217063,0.1,False,5,1315
1,RandomStrategy,264,0.8961105424769703,0.4173356419609439,0.1,False,5,1320
1,RandomStrategy,265,0.8961105424769703,0.4169671343218896,0.1,False,5,1325
1,RandomStrategy,266,0.8961105424769703,0.41608415207555216,0.1,False,5,1330
1,RandomStrategy,267,0.8961105424769703,0.4180742175348343,0.1,False,5,1335
1,RandomStrategy,268,0.8966223132036848,0.4180087072234,0.1,False,5,1340
1,RandomStrategy,269,0.8966223132036848,0.4167183464573276,0.1,False,5,1345
1,RandomStrategy,270,0.8966223132036848,0.41578297268959785,0.1,False,5,1350
1,RandomStrategy,271,0.8955987717502559,0.41700525149222345,0.1,False,5,1355
1,RandomStrategy,272,0.8955987717502559,0.4166991816413018,0.1,False,5,1360
1,RandomStrategy,273,0.8955987717502559,0.416307883877908,0.1,False,5,1365
1,RandomStrategy,274,0.8955987717502559,0.4173343066246279,0.1,False,5,1370
1,RandomStrategy,275,0.8955987717502559,0.4178581093588183,0.1,False,5,1375
1,RandomStrategy,276,0.8955987717502559,0.4179351089462157,0.1,False,5,1380
1,RandomStrategy,277,0.8955987717502559,0.41754833825172916,0.1,False,5,1385
1,RandomStrategy,278,0.8955987717502559,0.41758126212704566,0.1,False,5,1390
1,RandomStrategy,279,0.8955987717502559,0.41663367902078935,0.1,False,5,1395
1,RandomStrategy,280,0.8955987717502559,0.41751800141026896,0.1,False,5,1400
1,RandomStrategy,281,0.8950870010235414,0.4180689242578322,0.1,False,5,1405
1,RandomStrategy,282,0.8950870010235414,0.4180732648218832,0.1,False,5,1410
1,RandomStrategy,283,0.8955987717502559,0.41893317141840536,0.1,False,5,1415
1,RandomStrategy,284,0.8950870010235414,0.4176757845186418,0.1,False,5,1420
1,RandomStrategy,285,0.8950870010235414,0.41806965393404805,0.1,False,5,1425
1,RandomStrategy,286,0.8950870010235414,0.41809591747099356,0.1,False,5,1430
1,RandomStrategy,287,0.8950870010235414,0.41816320630811876,0.1,False,5,1435
1,RandomStrategy,288,0.8950870010235414,0.41951690950701315,0.1,False,5,1440
1,RandomStrategy,289,0.8950870010235414,0.41776383980627985,0.1,False,5,1445
1,RandomStrategy,290,0.8950870010235414,0.41870988472815485,0.1,False,5,1450
1,RandomStrategy,291,0.8950870010235414,0.4173085766453897,0.1,False,5,1455
1,RandomStrategy,292,0.8950870010235414,0.4182522566087784,0.1,False,5,1460
1,RandomStrategy,293,0.8950870010235414,0.417027065830846,0.1,False,5,1465
1,RandomStrategy,294,0.8945752302968271,0.41853332231121676,0.1,False,5,1470
1,RandomStrategy,295,0.8945752302968271,0.418698743466408,0.1,False,5,1475
1,RandomStrategy,296,0.8945752302968271,0.41870608349000255,0.1,False,5,1480
1,RandomStrategy,297,0.8945752302968271,0.41742648328504256,0.1,False,5,1485
1,RandomStrategy,298,0.8945752302968271,0.4179301434947598,0.1,False,5,1490
1,RandomStrategy,299,0.8945752302968271,0.4188218905079749,0.1,False,5,1495
1,RandomStrategy,300,0.8945752302968271,0.4188040062304466,0.1,False,5,1500
1,RandomStrategy,301,0.8945752302968271,0.4183859777066015,0.1,False,5,1505
1,RandomStrategy,302,0.8945752302968271,0.4179367778762694,0.1,False,5,1510
1,RandomStrategy,303,0.8945752302968271,0.41839377437868425,0.1,False,5,1515
1,RandomStrategy,304,0.8945752302968271,0.41972104195625554,0.1,False,5,1520
1,RandomStrategy,305,0.8945752302968271,0.41838353872299194,0.1,False,5,1525
1,RandomStrategy,306,0.8945752302968271,0.41839394742442715,0.1,False,5,1530
1,RandomStrategy,307,0.8945752302968271,0.4183850663323556,0.1,False,5,1535
1,RandomStrategy,308,0.8945752302968271,0.418833585516099,0.1,False,5,1540
1,RandomStrategy,309,0.8945752302968271,0.4175068880281141,0.1,False,5,1545
1,RandomStrategy,310,0.8945752302968271,0.4192882728192114,0.1,False,5,1550
1,RandomStrategy,311,0.8945752302968271,0.41885483457196143,0.1,False,5,1555
1,RandomStrategy,312,0.8761514841351075,0.43674556286104266,0.1,False,5,1560
1,RandomStrategy,313,0.8735926305015353,0.438647186563861,0.1,False,5,1565
1,RandomStrategy,314,0.872057318321392,0.44166061955113567,0.1,False,5,1570
1,RandomStrategy,315,0.8715455475946776,0.44150775094186107,0.1,False,5,1575
1,RandomStrategy,316,0.8710337768679631,0.44294474682500284,0.1,False,5,1580
1,RandomStrategy,317,0.8710337768679631,0.44467667994960663,0.1,False,5,1585
1,RandomStrategy,318,0.8700102354145343,0.4443941250924141,0.1,False,5,1590
1,RandomStrategy,319,0.8700102354145343,0.44217511242435825,0.1,False,5,1595
1,RandomStrategy,320,0.8694984646878199,0.44351981051506534,0.1,False,5,1600
1,RandomStrategy,321,0.8694984646878199,0.4440442064116078,0.1,False,5,1605
1,RandomStrategy,322,0.8689866939611054,0.4447770897419222,0.1,False,5,1610
1,RandomStrategy,323,0.868474923234391,0.44448300619279185,0.1,False,5,1615
1,RandomStrategy,324,0.868474923234391,0.44570420153679385,0.1,False,5,1620
1,RandomStrategy,325,0.8679631525076765,0.4446241028847233,0.1,False,5,1625
1,RandomStrategy,326,0.8679631525076765,0.44506983891610175,0.1,False,5,1630
1,RandomStrategy,327,0.8679631525076765,0.44552110279760054,0.1,False,5,1635
1,RandomStrategy,328,0.8679631525076765,0.4464096503873025,0.1,False,5,1640
1,RandomStrategy,329,0.8674513817809621,0.4450158659488924,0.1,False,5,1645
1,RandomStrategy,330,0.8674513817809621,0.4455840635684229,0.1,False,5,1650
1,RandomStrategy,331,0.8674513817809621,0.4451396003846199,0.1,False,5,1655
1,RandomStrategy,332,0.8853633572159673,0.42795674647054366,0.1,False,5,1660
1,RandomStrategy,333,0.8833162743091095,0.42923939035784814,0.1,False,5,1665
1,RandomStrategy,334,0.8802456499488229,0.4336007458548392,0.1,False,5,1670
1,RandomStrategy,335,0.8797338792221086,0.433545958611273,0.1,False,5,1675
1,RandomStrategy,336,0.8797338792221086,0.43479465669201267,0.1,False,5,1680
1,RandomStrategy,337,0.8797338792221086,0.4348160076525904,0.1,False,5,1685
1,RandomStrategy,338,0.8797338792221086,0.43302253657771694,0.1,False,5,1690
1,RandomStrategy,339,0.8797338792221086,0.4343708494017201,0.1,False,5,1695
1,RandomStrategy,340,0.8792221084953941,0.43398863077163696,0.1,False,5,1700
1,RandomStrategy,341,0.8792221084953941,0.43349203563505606,0.1,False,5,1705
1,RandomStrategy,342,0.8792221084953941,0.43452446979861103,0.1,False,5,1710
1,RandomStrategy,343,0.8792221084953941,0.4336697228493229,0.1,False,5,1715
1,RandomStrategy,344,0.8787103377686797,0.4344897885476389,0.1,False,5,1720
1,RandomStrategy,345,0.8787103377686797,0.4358110139446874,0.1,False,5,1725
1,RandomStrategy,346,0.8787103377686797,0.4349387278479914,0.1,False,5,1730
1,RandomStrategy,347,0.8787103377686797,0.4345097109194725,0.1,False,5,1735
1,RandomStrategy,348,0.8787103377686797,0.43445931903777585,0.1,False,5,1740
1,RandomStrategy,349,0.8771750255885363,0.43564150987132905,0.1,False,5,1745
1,RandomStrategy,350,0.8771750255885363,0.43591741977199433,0.1,False,5,1750
1,RandomStrategy,351,0.8771750255885363,0.4368812345689343,0.1,False,5,1755
1,RandomStrategy,352,0.8771750255885363,0.4368802107149555,0.1,False,5,1760
1,RandomStrategy,353,0.8771750255885363,0.4364434499894419,0.1,False,5,1765
1,RandomStrategy,354,0.8771750255885363,0.43555405639833017,0.1,False,5,1770
1,RandomStrategy,355,0.8771750255885363,0.4355704101823991,0.1,False,5,1775
1,RandomStrategy,356,0.8771750255885363,0.435571652266287,0.1,False,5,1780
1,RandomStrategy,357,0.876663254861822,0.43710730921837593,0.1,False,5,1785
1,RandomStrategy,358,0.876663254861822,0.4372062731173731,0.1,False,5,1790
1,RandomStrategy,359,0.876663254861822,0.4368872296425604,0.1,False,5,1795
1,RandomStrategy,360,0.876663254861822,0.43826799527291327,0.1,False,5,1800
1,RandomStrategy,361,0.8761514841351075,0.4355986810499622,0.1,False,5,1805
1,RandomStrategy,362,0.876663254861822,0.4368138457498243,0.1,False,5,1810
1,RandomStrategy,363,0.8771750255885363,0.43644581783202385,0.1,False,5,1815
1,RandomStrategy,364,0.8771750255885363,0.4373411757330741,0.1,False,5,1820
1,RandomStrategy,365,0.8771750255885363,0.437336120874651,0.1,False,5,1825
1,RandomStrategy,366,0.8771750255885363,0.4368899243493234,0.1,False,5,1830
1,RandomStrategy,367,0.8771750255885363,0.4355532815379481,0.1,False,5,1835
1,RandomStrategy,368,0.8771750255885363,0.4359960498348359,0.1,False,5,1840
1,RandomStrategy,369,0.8771750255885363,0.4351098412467587,0.1,False,5,1845
1,RandomStrategy,370,0.8771750255885363,0.4355571856421809,0.1,False,5,1850
1,RandomStrategy,371,0.8771750255885363,0.43599617769641263,0.1,False,5,1855
1,RandomStrategy,372,0.8771750255885363,0.43689230661238393,0.1,False,5,1860
1,RandomStrategy,373,0.8771750255885363,0.4364626109600067,0.1,False,5,1865
1,RandomStrategy,374,0.8771750255885363,0.43563505718784945,0.1,False,5,1870
1,RandomStrategy,375,0.8771750255885363,0.4364889004538136,0.1,False,5,1875
1,RandomStrategy,376,0.8771750255885363,0.4356994119382674,0.1,False,5,1880
1,RandomStrategy,377,0.876663254861822,0.43544347151633234,0.1,False,5,1885
1,RandomStrategy,378,0.876663254861822,0.43645538053204935,0.1,False,5,1890
1,RandomStrategy,379,0.876663254861822,0.43736856599007884,0.1,False,5,1895
1,RandomStrategy,380,0.876663254861822,0.43690686072072676,0.1,False,5,1900
1,RandomStrategy,381,0.876663254861822,0.43594956398010254,0.1,False,5,1905
1,RandomStrategy,382,0.876663254861822,0.43677585067287567,0.1,False,5,1910
1,RandomStrategy,383,0.876663254861822,0.436269813006924,0.1,False,5,1915
1,RandomStrategy,384,0.876663254861822,0.43536501642196407,0.1,False,5,1920
1,RandomStrategy,385,0.8771750255885363,0.43694559124208265,0.1,False,5,1925
1,RandomStrategy,386,0.9012282497441146,0.4118727349465893,0.1,False,5,1930
1,RandomStrategy,387,0.9002047082906858,0.41301050301521053,0.1,False,5,1935
1,RandomStrategy,388,0.9002047082906858,0.41425488841149116,0.1,False,5,1940
1,RandomStrategy,389,0.8986693961105425,0.41476313625612565,0.1,False,5,1945
1,RandomStrategy,390,0.8986693961105425,0.4152817851112735,0.1,False,5,1950
1,RandomStrategy,391,0.8986693961105425,0.41438879505280524,0.1,False,5,1955
1,RandomStrategy,392,0.8986693961105425,0.41528165340423584,0.1,False,5,1960
1,RandomStrategy,393,0.898157625383828,0.41578446857390866,0.1,False,5,1965
1,RandomStrategy,394,0.898157625383828,0.416223999954039,0.1,False,5,1970
1,RandomStrategy,395,0.8976458546571137,0.41486144065856934,0.1,False,5,1975
1,RandomStrategy,396,0.8976458546571137,0.41582235117112437,0.1,False,5,1980
1,RandomStrategy,397,0.8976458546571137,0.41535472100780857,0.1,False,5,1985
1,RandomStrategy,398,0.8971340839303992,0.41531209887996795,0.1,False,5,1990
1,RandomStrategy,399,0.8966223132036848,0.4151336233462057,0.1,False,5,1995
1,RandomStrategy,400,0.8971340839303992,0.41666691437844305,0.1,False,5,2000
1,RandomStrategy,401,0.8966223132036848,0.4168676666675075,0.1,False,5,2005
1,RandomStrategy,1,0.5921187308085978,0.7220946511914653,0.01,False,5,5
1,RandomStrategy,2,0.5926305015353122,0.7203553434341184,0.01,False,5,10
1,RandomStrategy,3,0.5910951893551689,0.7210831834423926,0.01,False,5,15
1,RandomStrategy,4,0.6228249744114637,0.6914132987299273,0.01,False,5,20
1,RandomStrategy,5,0.627942681678608,0.6860617091578822,0.01,False,5,25
1,RandomStrategy,6,0.6325486182190379,0.6794305289945295,0.01,False,5,30
1,RandomStrategy,7,0.638689866939611,0.6746737841636904,0.01,False,5,35
1,RandomStrategy,8,0.646878198567042,0.665387588162576,0.01,False,5,40
1,RandomStrategy,9,0.646878198567042,0.6661133958447364,0.01,False,5,45
1,RandomStrategy,10,0.6484135107471852,0.6647040786281708,0.01,False,5,50
1,RandomStrategy,11,0.6827021494370522,0.6316853742445668,0.01,False,5,55
1,RandomStrategy,12,0.6816786079836233,0.6317279146563622,0.01,False,5,60
1,RandomStrategy,13,0.6780962128966224,0.6341282898379911,0.01,False,5,65
1,RandomStrategy,14,0.6837256908904811,0.6274350208620871,0.01,False,5,70
1,RandomStrategy,15,0.6837256908904811,0.6315577395500676,0.01,False,5,75
1,RandomStrategy,16,0.6847492323439099,0.6290325387831657,0.01,False,5,80
1,RandomStrategy,17,0.7169907881269192,0.5971717815245351,0.01,False,5,85
1,RandomStrategy,18,0.7195496417604913,0.591998714593149,0.01,False,5,90
1,RandomStrategy,19,0.7210849539406345,0.5923082847749034,0.01,False,5,95
1,RandomStrategy,20,0.7221084953940634,0.5901696258975614,0.01,False,5,100
1,RandomStrategy,21,0.7221084953940634,0.5905317702601033,0.01,False,5,105
1,RandomStrategy,22,0.8152507676560901,0.4969586278161695,0.01,False,5,110
1,RandomStrategy,23,0.812691914022518,0.49806912868253644,0.01,False,5,115
1,RandomStrategy,24,0.8096212896622313,0.5033272572102085,0.01,False,5,120
1,RandomStrategy,25,0.8070624360286591,0.5042497563746667,0.01,False,5,125
1,RandomStrategy,26,0.8029682702149437,0.5110052102996457,0.01,False,5,130
1,RandomStrategy,27,0.8004094165813715,0.5133786893660023,0.01,False,5,135
1,RandomStrategy,28,0.7993858751279427,0.5146267548684151,0.01,False,5,140
1,RandomStrategy,29,0.797338792221085,0.5157847116070409,0.01,False,5,145
1,RandomStrategy,30,0.7968270214943706,0.5173749366114216,0.01,False,5,150
1,RandomStrategy,31,0.7952917093142272,0.5161943772146779,0.01,False,5,155
1,RandomStrategy,32,0.7947799385875128,0.5162005453340469,0.01,False,5,160
1,RandomStrategy,33,0.7927328556806551,0.5209635361548393,0.01,False,5,165
1,RandomStrategy,34,0.7922210849539406,0.5217892412216433,0.01,False,5,170
1,RandomStrategy,35,0.7906857727737974,0.5214913429752472,0.01,False,5,175
1,RandomStrategy,36,0.8526100307062436,0.45858707062659726,0.01,False,5,180
1,RandomStrategy,37,0.8444216990788127,0.46885384378894684,0.01,False,5,185
1,RandomStrategy,38,0.8403275332650972,0.473043885923201,0.01,False,5,190
1,RandomStrategy,39,0.8382804503582395,0.47474104646713505,0.01,False,5,195
1,RandomStrategy,40,0.8372569089048106,0.47528922653967337,0.01,False,5,200
1,RandomStrategy,41,0.834186284544524,0.47880219067296675,0.01,False,5,205
