ce_num,strategy,epoch,accuracy,average_loss,lr,from_ground_zero,num_of_instances_per_epoch,num_of_artificial_instances
1,SubstitutionStrategy,1,0.8490276356192425,0.46372717522805734,0.1,False,5,5
1,SubstitutionStrategy,2,0.842374616171955,0.4696508453738305,0.1,False,5,10
1,SubstitutionStrategy,3,0.8505629477993859,0.4632089282235792,0.1,False,5,15
1,SubstitutionStrategy,4,0.8500511770726714,0.4618724546124858,0.1,False,5,20
1,SubstitutionStrategy,5,0.8485158648925282,0.4652094216116013,0.1,False,5,25
1,SubstitutionStrategy,6,0.8520982599795291,0.45991502750304436,0.1,False,5,30
1,SubstitutionStrategy,7,0.8602865916069601,0.45306083752262977,0.1,False,5,35
1,SubstitutionStrategy,8,0.9370522006141249,0.37615091185415944,0.1,False,5,40
1,SubstitutionStrategy,9,0.9344933469805528,0.37779520788500387,0.1,False,5,45
1,SubstitutionStrategy,10,0.9334698055271239,0.379675361417955,0.1,False,5,50
1,SubstitutionStrategy,11,0.9350051177072671,0.37905125848708615,0.1,False,5,55
1,SubstitutionStrategy,12,0.9554759467758445,0.35758835077285767,0.1,False,5,60
1,SubstitutionStrategy,1,0.7799385875127943,0.5307310877307769,0.01,False,5,5
1,SubstitutionStrategy,2,0.8101330603889457,0.5049579883775404,0.01,False,5,10
1,SubstitutionStrategy,3,0.8730808597748209,0.4395906223404792,0.01,False,5,15
1,SubstitutionStrategy,4,0.8776867963152508,0.435976283204171,0.01,False,5,20
1,SubstitutionStrategy,5,0.8843398157625384,0.42827118404449954,0.01,False,5,25
1,SubstitutionStrategy,6,0.9124872057318322,0.40128876413068465,0.01,False,5,30
1,SubstitutionStrategy,7,0.9073694984646878,0.4057931111704919,0.01,False,5,35
1,SubstitutionStrategy,8,0.9160696008188332,0.39725724247194105,0.01,False,5,40
1,SubstitutionStrategy,9,0.9165813715455476,0.3980867064768268,0.01,False,5,45
1,SubstitutionStrategy,10,0.9196519959058342,0.39372847157139934,0.01,False,5,50
1,SubstitutionStrategy,11,0.9462640736949847,0.3666298697071691,0.01,False,5,55
1,SubstitutionStrategy,12,0.965711361310133,0.3474766439007175,0.01,False,5,60
1,SubstitutionStrategy,1,0.7389969293756398,0.5744798250736729,0.001,False,5,5
1,SubstitutionStrategy,2,0.8070624360286591,0.5074973135225235,0.001,False,5,10
1,SubstitutionStrategy,3,0.8249744114636642,0.4897112673328769,0.001,False,5,15
1,SubstitutionStrategy,4,0.8295803480040942,0.48411587938185663,0.001,False,5,20
1,SubstitutionStrategy,5,0.8377686796315251,0.47469172266221815,0.001,False,5,25
1,SubstitutionStrategy,6,0.853121801432958,0.46060403893070834,0.001,False,5,30
1,SubstitutionStrategy,7,0.8628454452405322,0.451125071894738,0.001,False,5,35
1,SubstitutionStrategy,8,0.8674513817809621,0.4446899967808877,0.001,False,5,40
1,SubstitutionStrategy,9,0.8776867963152508,0.436381071805954,0.001,False,5,45
1,SubstitutionStrategy,10,0.8863868986693961,0.42651426215325633,0.001,False,5,50
1,SubstitutionStrategy,11,0.8950870010235414,0.41867310770096317,0.001,False,5,55
1,SubstitutionStrategy,12,0.898157625383828,0.4166472256183624,0.001,False,5,60
1,SubstitutionStrategy,13,0.9027635619242579,0.4092070114228033,0.001,False,5,65
1,SubstitutionStrategy,14,0.9083930399181167,0.4047405873575518,0.001,False,5,70
1,SubstitutionStrategy,15,0.9129989764585466,0.4011602440188008,0.001,False,5,75
1,SubstitutionStrategy,16,0.9176049129989765,0.3961952155636203,0.001,False,5,80
1,SubstitutionStrategy,17,0.9211873080859775,0.3921113119971368,0.001,False,5,85
1,SubstitutionStrategy,18,0.925281473899693,0.3894021712964581,0.001,False,5,90
1,SubstitutionStrategy,19,0.9298874104401228,0.3827589173470774,0.001,False,5,95
1,SubstitutionStrategy,20,0.9319344933469805,0.38179588125598046,0.001,False,5,100
1,SubstitutionStrategy,21,0.9339815762538383,0.3796822101839127,0.001,False,5,105
1,SubstitutionStrategy,22,0.9370522006141249,0.37786636333311757,0.001,False,5,110
1,SubstitutionStrategy,23,0.9406345957011258,0.37248815836444976,0.001,False,5,115
1,SubstitutionStrategy,24,0.9437052200614124,0.3687319986281856,0.001,False,5,120
1,SubstitutionStrategy,25,0.946775844421699,0.3683495088931053,0.001,False,5,125
1,SubstitutionStrategy,26,0.9488229273285568,0.3645425823427016,0.001,False,5,130
1,SubstitutionStrategy,27,0.9503582395087001,0.36304382258845913,0.001,False,5,135
1,MarginalizedSubstitutionStrategy,1,0.6867963152507677,0.6265047827074605,0.1,False,5,5
1,MarginalizedSubstitutionStrategy,2,0.9590583418628454,0.3540133391657183,0.1,False,5,10
1,MarginalizedSubstitutionStrategy,1,0.7610030706243602,0.5537757460148104,0.01,False,5,5
1,MarginalizedSubstitutionStrategy,2,0.8367451381780963,0.47589866192110125,0.01,False,5,10
1,MarginalizedSubstitutionStrategy,3,0.8628454452405322,0.44893530587996205,0.01,False,5,15
1,MarginalizedSubstitutionStrategy,4,0.8817809621289662,0.4324025079127281,0.01,False,5,20
1,MarginalizedSubstitutionStrategy,5,0.8858751279426816,0.42665728830522104,0.01,False,5,25
1,MarginalizedSubstitutionStrategy,6,0.887410440122825,0.4260713265788171,0.01,False,5,30
1,MarginalizedSubstitutionStrategy,7,0.9073694984646878,0.4058349055628623,0.01,False,5,35
1,MarginalizedSubstitutionStrategy,8,0.9119754350051177,0.4021789768049794,0.01,False,5,40
1,MarginalizedSubstitutionStrategy,9,0.9104401228249744,0.4032375629871122,0.01,False,5,45
1,MarginalizedSubstitutionStrategy,10,0.9140225179119754,0.4003424000355505,0.01,False,5,50
1,MarginalizedSubstitutionStrategy,11,0.9196519959058342,0.39440466703907134,0.01,False,5,55
1,MarginalizedSubstitutionStrategy,12,0.9176049129989765,0.3953046404546307,0.01,False,5,60
1,MarginalizedSubstitutionStrategy,13,0.925281473899693,0.3877399265766144,0.01,False,5,65
1,MarginalizedSubstitutionStrategy,14,0.925281473899693,0.3883500051113867,0.01,False,5,70
1,MarginalizedSubstitutionStrategy,15,0.9319344933469805,0.3802928261218532,0.01,False,5,75
1,MarginalizedSubstitutionStrategy,16,0.9380757420675537,0.3751405612114937,0.01,False,5,80
1,MarginalizedSubstitutionStrategy,17,0.9411463664278403,0.3718548022931622,0.01,False,5,85
1,MarginalizedSubstitutionStrategy,18,0.9483111566018424,0.36505862493668834,0.01,False,5,90
1,MarginalizedSubstitutionStrategy,19,0.9605936540429887,0.35229062745648043,0.01,False,5,95
1,MarginalizedSubstitutionStrategy,1,0.5977482088024565,0.7153592455771661,0.001,False,5,5
1,MarginalizedSubstitutionStrategy,2,0.6893551688843398,0.6210906928585421,0.001,False,5,10
1,MarginalizedSubstitutionStrategy,3,0.7993858751279427,0.5133844392914926,0.001,False,5,15
1,MarginalizedSubstitutionStrategy,4,0.845957011258956,0.4671585550231318,0.001,False,5,20
1,MarginalizedSubstitutionStrategy,5,0.8833162743091095,0.4294837588264096,0.001,False,5,25
1,MarginalizedSubstitutionStrategy,6,0.8915046059365405,0.42283503278609247,0.001,False,5,30
1,MarginalizedSubstitutionStrategy,7,0.8971340839303992,0.41625610570753774,0.001,False,5,35
1,MarginalizedSubstitutionStrategy,8,0.9124872057318322,0.4011178122412774,0.001,False,5,40
1,MarginalizedSubstitutionStrategy,9,0.9155578300921188,0.3969392699580039,0.001,False,5,45
1,MarginalizedSubstitutionStrategy,10,0.9242579324462641,0.3880595382182829,0.001,False,5,50
1,MarginalizedSubstitutionStrategy,11,0.9283520982599796,0.38433875864551914,0.001,False,5,55
1,MarginalizedSubstitutionStrategy,12,0.9293756397134084,0.3850418733012292,0.001,False,5,60
1,MarginalizedSubstitutionStrategy,13,0.932446264073695,0.38293523077041874,0.001,False,5,65
1,MarginalizedSubstitutionStrategy,14,0.9329580348004094,0.380642520804559,0.001,False,5,70
1,MarginalizedSubstitutionStrategy,15,0.9385875127942682,0.37416128958425215,0.001,False,5,75
1,MarginalizedSubstitutionStrategy,16,0.9421699078812692,0.3712351283719463,0.001,False,5,80
1,MarginalizedSubstitutionStrategy,17,0.9488229273285568,0.36397196688959677,0.001,False,5,85
1,MarginalizedSubstitutionStrategy,18,0.9503582395087001,0.362604022026062,0.001,False,5,90
1,AlternativeValueStrategy,1,0.8116683725690891,0.5019361857445009,0.1,False,5,5
1,AlternativeValueStrategy,2,0.8311156601842374,0.48094262711463437,0.1,False,5,10
1,AlternativeValueStrategy,3,0.8556806550665302,0.45702667870829183,0.1,False,5,15
1,AlternativeValueStrategy,4,0.9646878198567042,0.3494207887880264,0.1,False,5,20
1,AlternativeValueStrategy,1,0.7195496417604913,0.5949444001720797,0.01,False,5,5
1,AlternativeValueStrategy,2,0.8208802456499488,0.49171512549923313,0.01,False,5,10
1,AlternativeValueStrategy,3,0.8925281473899693,0.42162831944804036,0.01,False,5,15
1,AlternativeValueStrategy,4,0.9375639713408394,0.3751984161715354,0.01,False,5,20
1,AlternativeValueStrategy,5,0.9472876151484135,0.3660665683207973,0.01,False,5,25
1,AlternativeValueStrategy,6,0.9452405322415558,0.36852013584106197,0.01,False,5,30
1,AlternativeValueStrategy,7,0.9431934493346981,0.3692048624638588,0.01,False,5,35
1,AlternativeValueStrategy,8,0.9457523029682702,0.36749986583186733,0.01,False,5,40
1,AlternativeValueStrategy,9,0.9518935516888434,0.3615302501186248,0.01,False,5,45
1,AlternativeValueStrategy,1,0.8300921187308086,0.48276933835398766,0.001,False,5,5
1,AlternativeValueStrategy,2,0.8607983623336745,0.45250905906000444,0.001,False,5,10
1,AlternativeValueStrategy,3,0.9109518935516888,0.4033516760795347,0.001,False,5,15
1,AlternativeValueStrategy,4,0.9334698055271239,0.3804212356767347,0.001,False,5,20
1,AlternativeValueStrategy,5,0.9396110542476971,0.3735766333918418,0.001,False,5,25
1,AlternativeValueStrategy,6,0.9431934493346981,0.36974046307225383,0.001,False,5,30
1,AlternativeValueStrategy,7,0.9472876151484135,0.366510296060193,0.001,False,5,35
1,AlternativeValueStrategy,8,0.9508700102354145,0.3621861828911689,0.001,False,5,40
2,SubstitutionStrategy,1,0.7896622313203685,0.523046346441392,0.1,False,5,10
2,SubstitutionStrategy,2,0.8464687819856704,0.4663219778768478,0.1,False,5,20
2,SubstitutionStrategy,3,0.9048106448311156,0.4087878456038813,0.1,False,5,30
2,SubstitutionStrategy,4,0.898157625383828,0.41522607495707853,0.1,False,5,40
2,SubstitutionStrategy,5,0.8971340839303992,0.416809699227733,0.1,False,5,50
2,SubstitutionStrategy,6,0.9012282497441146,0.41173610668028554,0.1,False,5,60
2,SubstitutionStrategy,7,0.901740020470829,0.4105320361352736,0.1,False,5,70
2,SubstitutionStrategy,8,0.9073694984646878,0.4054044562001382,0.1,False,5,80
2,SubstitutionStrategy,9,0.9298874104401228,0.3840930913725207,0.1,False,5,90
2,SubstitutionStrategy,10,0.9385875127942682,0.37552259141399014,0.1,False,5,100
2,SubstitutionStrategy,11,0.9396110542476971,0.37406460508223505,0.1,False,5,110
2,SubstitutionStrategy,12,0.9406345957011258,0.37209966971028235,0.1,False,5,120
2,SubstitutionStrategy,13,0.9508700102354145,0.36253814927993283,0.1,False,5,130
2,SubstitutionStrategy,1,0.8398157625383829,0.4731055065508812,0.01,False,5,10
2,SubstitutionStrategy,2,0.8643807574206755,0.4498522771943,0.01,False,5,20
2,SubstitutionStrategy,3,0.8669396110542477,0.44756750906667403,0.01,False,5,30
2,SubstitutionStrategy,4,0.920675537359263,0.3927482828017204,0.01,False,5,40
2,SubstitutionStrategy,5,0.9365404298874105,0.3757081397118107,0.01,False,5,50
2,SubstitutionStrategy,6,0.9314227226202662,0.382072344903023,0.01,False,5,60
2,SubstitutionStrategy,7,0.9503582395087001,0.3625976116426529,0.01,False,5,70
2,SubstitutionStrategy,1,0.68014329580348,0.6299829098486132,0.001,False,5,10
2,SubstitutionStrategy,2,0.7589559877175026,0.5556845088158885,0.001,False,5,20
2,SubstitutionStrategy,3,0.7901740020470829,0.522349594100829,0.001,False,5,30
2,SubstitutionStrategy,4,0.8280450358239508,0.4878945456397149,0.001,False,5,40
2,SubstitutionStrategy,5,0.872057318321392,0.44314772179049833,0.001,False,5,50
2,SubstitutionStrategy,6,0.8945752302968271,0.41792829190531083,0.001,False,5,60
2,SubstitutionStrategy,7,0.9058341862845445,0.4062683534237646,0.001,False,5,70
2,SubstitutionStrategy,8,0.9165813715455476,0.3962055233217055,0.001,False,5,80
2,SubstitutionStrategy,9,0.9186284544524054,0.3938794684025549,0.001,False,5,90
2,SubstitutionStrategy,10,0.9176049129989765,0.3962236671678482,0.001,False,5,100
2,SubstitutionStrategy,11,0.9216990788126919,0.39003390746731914,0.001,False,5,110
2,SubstitutionStrategy,12,0.9257932446264073,0.3873848693986093,0.001,False,5,120
2,SubstitutionStrategy,13,0.9309109518935517,0.38161180673107026,0.001,False,5,130
2,SubstitutionStrategy,14,0.932446264073695,0.38079535095922407,0.001,False,5,140
2,SubstitutionStrategy,15,0.932446264073695,0.3802384186175562,0.001,False,5,150
2,SubstitutionStrategy,16,0.9334698055271239,0.3796819592675855,0.001,False,5,160
2,SubstitutionStrategy,17,0.9375639713408394,0.375280556178862,0.001,False,5,170
2,SubstitutionStrategy,18,0.9401228249744115,0.37266423721467296,0.001,False,5,180
2,SubstitutionStrategy,19,0.9431934493346981,0.37117537471555895,0.001,False,5,190
2,SubstitutionStrategy,20,0.9437052200614124,0.368910530882497,0.001,False,5,200
2,SubstitutionStrategy,21,0.9452405322415558,0.3684193193912506,0.001,False,5,210
2,SubstitutionStrategy,22,0.9457523029682702,0.36980729814498653,0.001,False,5,220
2,SubstitutionStrategy,23,0.9477993858751279,0.36467340204023546,0.001,False,5,230
2,SubstitutionStrategy,24,0.9483111566018424,0.3646136753020748,0.001,False,5,240
2,SubstitutionStrategy,25,0.9493346980552713,0.3636176374650771,0.001,False,5,250
2,SubstitutionStrategy,26,0.9503582395087001,0.362319863611652,0.001,False,5,260
2,MarginalizedSubstitutionStrategy,1,0.781985670419652,0.5290102401087361,0.1,False,5,10
2,MarginalizedSubstitutionStrategy,2,0.898157625383828,0.41535541799760634,0.1,False,5,20
2,MarginalizedSubstitutionStrategy,3,0.9068577277379734,0.4058667950091823,0.1,False,5,30
2,MarginalizedSubstitutionStrategy,4,0.9237461617195496,0.3901104600198807,0.1,False,5,40
2,MarginalizedSubstitutionStrategy,5,0.9344933469805528,0.3791119148654322,0.1,False,5,50
2,MarginalizedSubstitutionStrategy,6,0.9805527123848515,0.3328597084168465,0.1,False,5,60
2,MarginalizedSubstitutionStrategy,1,0.6734902763561924,0.6387500243802224,0.01,False,5,10
2,MarginalizedSubstitutionStrategy,2,0.7313203684749232,0.5816484728167134,0.01,False,5,20
2,MarginalizedSubstitutionStrategy,3,0.8393039918116684,0.47457625404480963,0.01,False,5,30
2,MarginalizedSubstitutionStrategy,4,0.8725690890481065,0.4423269023818354,0.01,False,5,40
2,MarginalizedSubstitutionStrategy,5,0.8730808597748209,0.44048174831175035,0.01,False,5,50
2,MarginalizedSubstitutionStrategy,6,0.9002047082906858,0.4133272497884689,0.01,False,5,60
2,MarginalizedSubstitutionStrategy,7,0.9237461617195496,0.3881365166556451,0.01,False,5,70
2,MarginalizedSubstitutionStrategy,8,0.9237461617195496,0.39058622621720834,0.01,False,5,80
2,MarginalizedSubstitutionStrategy,9,0.9288638689866939,0.38570304359159163,0.01,False,5,90
2,MarginalizedSubstitutionStrategy,10,0.932446264073695,0.3816185978151137,0.01,False,5,100
2,MarginalizedSubstitutionStrategy,11,0.9355168884339816,0.37807289438862957,0.01,False,5,110
2,MarginalizedSubstitutionStrategy,12,0.9503582395087001,0.3631644566212931,0.01,False,5,120
2,MarginalizedSubstitutionStrategy,1,0.598259979529171,0.7157520497998884,0.001,False,5,10
2,MarginalizedSubstitutionStrategy,2,0.781985670419652,0.5305544580182722,0.001,False,5,20
2,MarginalizedSubstitutionStrategy,3,0.8572159672466735,0.4565831211305434,0.001,False,5,30
2,MarginalizedSubstitutionStrategy,4,0.8741044012282497,0.43952642909942136,0.001,False,5,40
2,MarginalizedSubstitutionStrategy,5,0.8940634595701126,0.41978461415536944,0.001,False,5,50
2,MarginalizedSubstitutionStrategy,6,0.9222108495394064,0.3907637798017071,0.001,False,5,60
2,MarginalizedSubstitutionStrategy,7,0.9293756397134084,0.38415271236050513,0.001,False,5,70
2,MarginalizedSubstitutionStrategy,8,0.9375639713408394,0.3756680017517459,0.001,False,5,80
2,MarginalizedSubstitutionStrategy,9,0.9421699078812692,0.3716045637284556,0.001,False,5,90
2,MarginalizedSubstitutionStrategy,10,0.9442169907881269,0.36868100589321506,0.001,False,5,100
2,MarginalizedSubstitutionStrategy,11,0.9452405322415558,0.3671932057026894,0.001,False,5,110
2,MarginalizedSubstitutionStrategy,12,0.9483111566018424,0.3659435279907719,0.001,False,5,120
2,MarginalizedSubstitutionStrategy,13,0.9518935516888434,0.36063228691777877,0.001,False,5,130
2,AlternativeValueStrategy,1,0.8561924257932446,0.45575914075297697,0.1,False,5,10
2,AlternativeValueStrategy,2,0.8761514841351075,0.43613005838086527,0.1,False,5,20
2,AlternativeValueStrategy,3,0.8807574206755373,0.43428528405004935,0.1,False,5,30
2,AlternativeValueStrategy,4,0.9165813715455476,0.39719793585038954,0.1,False,5,40
2,AlternativeValueStrategy,5,0.9518935516888434,0.3610281098273493,0.1,False,5,50
2,AlternativeValueStrategy,1,0.8004094165813715,0.512343700855009,0.01,False,5,10
2,AlternativeValueStrategy,2,0.8966223132036848,0.4168541854427707,0.01,False,5,20
2,AlternativeValueStrategy,3,0.898157625383828,0.41460584344402435,0.01,False,5,30
2,AlternativeValueStrategy,4,0.9150460593654043,0.3982653877427501,0.01,False,5,40
2,AlternativeValueStrategy,5,0.9114636642784033,0.4013698495203449,0.01,False,5,50
2,AlternativeValueStrategy,6,0.9564994882292733,0.35655095884876864,0.01,False,5,60
2,AlternativeValueStrategy,1,0.8382804503582395,0.4754010131282191,0.001,False,5,10
2,AlternativeValueStrategy,2,0.872057318321392,0.4411603519993444,0.001,False,5,20
2,AlternativeValueStrategy,3,0.8879222108495394,0.4258692831762375,0.001,False,5,30
2,AlternativeValueStrategy,4,0.8945752302968271,0.41926489722344185,0.001,False,5,40
2,AlternativeValueStrategy,5,0.9196519959058342,0.3927486942660424,0.001,False,5,50
2,AlternativeValueStrategy,6,0.9247697031729785,0.38761599121555207,0.001,False,5,60
2,AlternativeValueStrategy,7,0.936028659160696,0.3775998536617525,0.001,False,5,70
2,AlternativeValueStrategy,8,0.9452405322415558,0.3680767080476207,0.001,False,5,80
2,AlternativeValueStrategy,9,0.9508700102354145,0.36254355022984164,0.001,False,5,90
3,SubstitutionStrategy,1,0.7548618219037871,0.558504335341915,0.1,False,5,15
3,SubstitutionStrategy,2,0.7998976458546572,0.5125749111175537,0.1,False,5,30
3,SubstitutionStrategy,3,0.9037871033776868,0.4089092496902712,0.1,False,5,45
3,SubstitutionStrategy,4,0.9032753326509724,0.4089321647920916,0.1,False,5,60
3,SubstitutionStrategy,5,0.9375639713408394,0.3765012131583306,0.1,False,5,75
3,SubstitutionStrategy,6,0.9646878198567042,0.34839383632906024,0.1,False,5,90
3,SubstitutionStrategy,1,0.8756397134083931,0.43904655402706516,0.01,False,5,15
3,SubstitutionStrategy,2,0.8730808597748209,0.43959067329283685,0.01,False,5,30
3,SubstitutionStrategy,3,0.8730808597748209,0.4401221419534376,0.01,False,5,45
3,SubstitutionStrategy,4,0.8741044012282497,0.4389990837343277,0.01,False,5,60
3,SubstitutionStrategy,5,0.8879222108495394,0.4263024705071603,0.01,False,5,75
3,SubstitutionStrategy,6,0.9329580348004094,0.38069470563242513,0.01,False,5,90
3,SubstitutionStrategy,7,0.9309109518935517,0.38220561223645366,0.01,False,5,105
3,SubstitutionStrategy,8,0.9344933469805528,0.3786581254774524,0.01,False,5,120
3,SubstitutionStrategy,9,0.9329580348004094,0.38017222092997643,0.01,False,5,135
3,SubstitutionStrategy,10,0.9350051177072671,0.3777187293575656,0.01,False,5,150
3,SubstitutionStrategy,11,0.9380757420675537,0.3751391057045229,0.01,False,5,165
3,SubstitutionStrategy,12,0.9401228249744115,0.37312347369809307,0.01,False,5,180
3,SubstitutionStrategy,13,0.9539406345957011,0.35911689842900923,0.01,False,5,195
3,SubstitutionStrategy,1,0.8029682702149437,0.5096398024789749,0.001,False,5,15
3,SubstitutionStrategy,2,0.8781985670419652,0.4355731991029555,0.001,False,5,30
3,SubstitutionStrategy,3,0.8848515864892528,0.42800625389622104,0.001,False,5,45
3,SubstitutionStrategy,4,0.887410440122825,0.4250659433103377,0.001,False,5,60
3,SubstitutionStrategy,5,0.8899692937563971,0.4224587967318873,0.001,False,5,75
3,SubstitutionStrategy,6,0.8961105424769703,0.41740706274586337,0.001,False,5,90
3,SubstitutionStrategy,7,0.898157625383828,0.4163382255261944,0.001,False,5,105
3,SubstitutionStrategy,8,0.9007164790174002,0.4131815222001845,0.001,False,5,120
3,SubstitutionStrategy,9,0.9012282497441146,0.41188233321712864,0.001,False,5,135
3,SubstitutionStrategy,10,0.9073694984646878,0.4054301313815578,0.001,False,5,150
3,SubstitutionStrategy,11,0.9104401228249744,0.4031994198599169,0.001,False,5,165
3,SubstitutionStrategy,12,0.9145342886386899,0.39937061552078496,0.001,False,5,180
3,SubstitutionStrategy,13,0.9160696008188332,0.3970912348839544,0.001,False,5,195
3,SubstitutionStrategy,14,0.9186284544524054,0.39528585826196977,0.001,False,5,210
3,SubstitutionStrategy,15,0.9227226202661207,0.39048499926444025,0.001,False,5,225
3,SubstitutionStrategy,16,0.9411463664278403,0.37204284148831523,0.001,False,5,240
3,SubstitutionStrategy,17,0.9416581371545547,0.3720564409609764,0.001,False,5,255
3,SubstitutionStrategy,18,0.9426816786079836,0.37018756520363594,0.001,False,5,270
3,SubstitutionStrategy,19,0.9421699078812692,0.37072971559339957,0.001,False,5,285
3,SubstitutionStrategy,20,0.9518935516888434,0.36125733583204206,0.001,False,5,300
3,MarginalizedSubstitutionStrategy,1,0.9667349027635619,0.3458112718597535,0.1,False,5,15
3,MarginalizedSubstitutionStrategy,1,0.8623336745138178,0.4514737408007345,0.01,False,5,15
3,MarginalizedSubstitutionStrategy,2,0.9298874104401228,0.38232596651200323,0.01,False,5,30
3,MarginalizedSubstitutionStrategy,3,0.9370522006141249,0.37698435494976656,0.01,False,5,45
3,MarginalizedSubstitutionStrategy,4,0.9385875127942682,0.37507981542618046,0.01,False,5,60
3,MarginalizedSubstitutionStrategy,5,0.9554759467758445,0.35844679032602617,0.01,False,5,75
3,MarginalizedSubstitutionStrategy,1,0.6161719549641761,0.695856346238044,0.001,False,5,15
3,MarginalizedSubstitutionStrategy,2,0.8679631525076765,0.4459936897600851,0.001,False,5,30
3,MarginalizedSubstitutionStrategy,3,0.8986693961105425,0.41574239346288866,0.001,False,5,45
3,MarginalizedSubstitutionStrategy,4,0.9007164790174002,0.41327161173666677,0.001,False,5,60
3,MarginalizedSubstitutionStrategy,5,0.9032753326509724,0.40983949745855025,0.001,False,5,75
3,MarginalizedSubstitutionStrategy,6,0.9053224155578301,0.40764052541025225,0.001,False,5,90
3,MarginalizedSubstitutionStrategy,7,0.9181166837256909,0.39625783312705254,0.001,False,5,105
3,MarginalizedSubstitutionStrategy,8,0.9344933469805528,0.37862959311854455,0.001,False,5,120
3,MarginalizedSubstitutionStrategy,9,0.9370522006141249,0.3765686865775816,0.001,False,5,135
3,MarginalizedSubstitutionStrategy,10,0.9375639713408394,0.375497511317653,0.001,False,5,150
3,MarginalizedSubstitutionStrategy,11,0.9396110542476971,0.3730577297749058,0.001,False,5,165
3,MarginalizedSubstitutionStrategy,12,0.9416581371545547,0.37250051286912733,0.001,False,5,180
3,MarginalizedSubstitutionStrategy,13,0.9416581371545547,0.3711661619524802,0.001,False,5,195
3,MarginalizedSubstitutionStrategy,14,0.9421699078812692,0.371158218191516,0.001,False,5,210
3,MarginalizedSubstitutionStrategy,15,0.9437052200614124,0.36959277429888326,0.001,False,5,225
3,MarginalizedSubstitutionStrategy,16,0.9493346980552713,0.36394292404574735,0.001,False,5,240
3,MarginalizedSubstitutionStrategy,17,0.9498464687819856,0.36361789799505667,0.001,False,5,255
3,MarginalizedSubstitutionStrategy,18,0.9498464687819856,0.3635466858263939,0.001,False,5,270
3,MarginalizedSubstitutionStrategy,19,0.9508700102354145,0.36254213221611514,0.001,False,5,285
3,AlternativeValueStrategy,1,0.8454452405322416,0.4654600581815166,0.1,False,5,15
3,AlternativeValueStrategy,2,0.8541453428863869,0.4580518305301666,0.1,False,5,30
3,AlternativeValueStrategy,3,0.8689866939611054,0.4440016535020644,0.1,False,5,45
3,AlternativeValueStrategy,4,0.9421699078812692,0.37021738771469365,0.1,False,5,60
3,AlternativeValueStrategy,5,0.951381780962129,0.3611469489912833,0.1,False,5,75
3,AlternativeValueStrategy,1,0.8689866939611054,0.44496442714045126,0.01,False,5,15
3,AlternativeValueStrategy,2,0.8756397134083931,0.43800417357875454,0.01,False,5,30
3,AlternativeValueStrategy,3,0.8971340839303992,0.41545147280539235,0.01,False,5,45
3,AlternativeValueStrategy,4,0.9104401228249744,0.4029375208962348,0.01,False,5,60
3,AlternativeValueStrategy,5,0.9534288638689867,0.3591286838054657,0.01,False,5,75
3,AlternativeValueStrategy,1,0.8280450358239508,0.4855802136082803,0.001,False,5,15
3,AlternativeValueStrategy,2,0.8976458546571137,0.4169935314886032,0.001,False,5,30
3,AlternativeValueStrategy,3,0.936028659160696,0.3794650348924821,0.001,False,5,45
3,AlternativeValueStrategy,4,0.9406345957011258,0.3739205887240748,0.001,False,5,60
3,AlternativeValueStrategy,5,0.9442169907881269,0.36820087413634023,0.001,False,5,75
3,AlternativeValueStrategy,6,0.9462640736949847,0.3666301456189925,0.001,False,5,90
3,AlternativeValueStrategy,7,0.9503582395087001,0.3633419256056509,0.001,False,5,105
4,SubstitutionStrategy,1,0.5931422722620266,0.7197614273717327,0.1,False,5,20
4,SubstitutionStrategy,2,0.8014329580348004,0.5103172159964039,0.1,False,5,40
4,SubstitutionStrategy,3,0.9355168884339816,0.37762226693091855,0.1,False,5,60
4,SubstitutionStrategy,4,0.9544524053224156,0.35812128839954255,0.1,False,5,80
4,SubstitutionStrategy,1,0.8602865916069601,0.4546054563214702,0.01,False,5,20
4,SubstitutionStrategy,2,0.8725690890481065,0.4414939072824294,0.01,False,5,40
4,SubstitutionStrategy,3,0.8756397134083931,0.4377562653633856,0.01,False,5,60
4,SubstitutionStrategy,4,0.8761514841351075,0.43530250653143854,0.01,False,5,80
4,SubstitutionStrategy,5,0.876663254861822,0.43583752551386434,0.01,False,5,100
4,SubstitutionStrategy,6,0.9078812691914022,0.4052796354216914,0.01,False,5,120
4,SubstitutionStrategy,7,0.9089048106448311,0.4047377638278469,0.01,False,5,140
4,SubstitutionStrategy,8,0.9129989764585466,0.39913919183515734,0.01,False,5,160
4,SubstitutionStrategy,9,0.9181166837256909,0.395650383926207,0.01,False,5,180
4,SubstitutionStrategy,10,0.9227226202661207,0.39025842470507466,0.01,False,5,200
4,SubstitutionStrategy,11,0.9350051177072671,0.3772738431730578,0.01,False,5,220
4,SubstitutionStrategy,12,0.9355168884339816,0.377659204506105,0.01,False,5,240
4,SubstitutionStrategy,13,0.936028659160696,0.37717189808045665,0.01,False,5,260
4,SubstitutionStrategy,14,0.9365404298874105,0.376652697401662,0.01,False,5,280
4,SubstitutionStrategy,15,0.9447287615148413,0.3681476337294425,0.01,False,5,300
4,SubstitutionStrategy,16,0.9457523029682702,0.3671339019652336,0.01,False,5,320
4,SubstitutionStrategy,17,0.9503582395087001,0.36427763392848356,0.01,False,5,340
4,SubstitutionStrategy,1,0.8229273285568065,0.49049283804432037,0.001,False,5,20
4,SubstitutionStrategy,2,0.9012282497441146,0.41260353403706707,0.001,False,5,40
4,SubstitutionStrategy,3,0.9083930399181167,0.4049321864881823,0.001,False,5,60
4,SubstitutionStrategy,4,0.917093142272262,0.3948843777179718,0.001,False,5,80
4,SubstitutionStrategy,5,0.9181166837256909,0.3937943606607376,0.001,False,5,100
4,SubstitutionStrategy,6,0.932446264073695,0.38102595844576437,0.001,False,5,120
4,SubstitutionStrategy,7,0.9380757420675537,0.37513592550831454,0.001,False,5,140
4,SubstitutionStrategy,8,0.9411463664278403,0.37122591368613705,0.001,False,5,160
4,SubstitutionStrategy,9,0.9416581371545547,0.3719027599980754,0.001,False,5,180
4,SubstitutionStrategy,10,0.9462640736949847,0.36703002933532963,0.001,False,5,200
4,SubstitutionStrategy,11,0.9508700102354145,0.3625537887696297,0.001,False,5,220
4,MarginalizedSubstitutionStrategy,1,0.901740020470829,0.412219230205782,0.1,False,5,20
4,MarginalizedSubstitutionStrategy,2,0.9554759467758445,0.35843344561515317,0.1,False,5,40
4,MarginalizedSubstitutionStrategy,1,0.8812691914022518,0.433297537988232,0.01,False,5,20
4,MarginalizedSubstitutionStrategy,2,0.8945752302968271,0.41779402379066716,0.01,False,5,40
4,MarginalizedSubstitutionStrategy,3,0.9575230296827022,0.3548789764604261,0.01,False,5,60
4,MarginalizedSubstitutionStrategy,1,0.8403275332650972,0.4724665524498109,0.001,False,5,20
4,MarginalizedSubstitutionStrategy,2,0.90992835209826,0.40317767473959154,0.001,False,5,40
4,MarginalizedSubstitutionStrategy,3,0.9129989764585466,0.39983671038381513,0.001,False,5,60
4,MarginalizedSubstitutionStrategy,4,0.932446264073695,0.38067041193285295,0.001,False,5,80
4,MarginalizedSubstitutionStrategy,5,0.9457523029682702,0.36712667826683293,0.001,False,5,100
4,MarginalizedSubstitutionStrategy,6,0.9462640736949847,0.3675031142850076,0.001,False,5,120
4,MarginalizedSubstitutionStrategy,7,0.9508700102354145,0.3616946974108296,0.001,False,5,140
4,AlternativeValueStrategy,1,0.7543500511770727,0.5596018683525824,0.1,False,5,20
4,AlternativeValueStrategy,2,0.8567041965199591,0.455422168777835,0.1,False,5,40
4,AlternativeValueStrategy,3,0.9518935516888434,0.36065721127294725,0.1,False,5,60
4,AlternativeValueStrategy,1,0.8096212896622313,0.5043383346449944,0.01,False,5,20
4,AlternativeValueStrategy,2,0.8464687819856704,0.4661177175660287,0.01,False,5,40
4,AlternativeValueStrategy,3,0.9273285568065507,0.3853124332043432,0.01,False,5,60
4,AlternativeValueStrategy,4,0.9390992835209826,0.37493479155725046,0.01,False,5,80
4,AlternativeValueStrategy,5,0.9426816786079836,0.3719370326688213,0.01,False,5,100
4,AlternativeValueStrategy,6,0.9472876151484135,0.3656216773294633,0.01,False,5,120
4,AlternativeValueStrategy,7,0.9524053224155579,0.360134442006388,0.01,False,5,140
4,AlternativeValueStrategy,1,0.8357215967246674,0.47836342934639225,0.001,False,5,20
4,AlternativeValueStrategy,2,0.9145342886386899,0.39890474177175955,0.001,False,5,40
4,AlternativeValueStrategy,3,0.9176049129989765,0.39618987998654764,0.001,False,5,60
4,AlternativeValueStrategy,4,0.9196519959058342,0.3929073916327569,0.001,False,5,80
4,AlternativeValueStrategy,5,0.9298874104401228,0.38368784900634517,0.001,False,5,100
4,AlternativeValueStrategy,6,0.9319344933469805,0.3810481054167594,0.001,False,5,120
4,AlternativeValueStrategy,7,0.9406345957011258,0.37173611790903155,0.001,False,5,140
4,AlternativeValueStrategy,8,0.9426816786079836,0.3697119374429026,0.001,False,5,160
4,AlternativeValueStrategy,9,0.946775844421699,0.3661258605218703,0.001,False,5,180
4,AlternativeValueStrategy,10,0.946775844421699,0.3668832702021445,0.001,False,5,200
4,AlternativeValueStrategy,11,0.9539406345957011,0.35996325362113213,0.001,False,5,220
5,SubstitutionStrategy,1,0.8628454452405322,0.449682084783431,0.1,False,5,25
5,SubstitutionStrategy,2,0.9518935516888434,0.3616577396469732,0.1,False,5,50
5,SubstitutionStrategy,1,0.9150460593654043,0.39940319522734613,0.01,False,5,25
5,SubstitutionStrategy,2,0.9211873080859775,0.39113866129229147,0.01,False,5,50
5,SubstitutionStrategy,3,0.9227226202661207,0.3898145575677195,0.01,False,5,75
5,SubstitutionStrategy,4,0.9227226202661207,0.3898745371449378,0.01,False,5,100
5,SubstitutionStrategy,5,0.9211873080859775,0.3918408972601737,0.01,False,5,125
5,SubstitutionStrategy,6,0.9227226202661207,0.3906841210780605,0.01,False,5,150
5,SubstitutionStrategy,7,0.9211873080859775,0.39266191759417135,0.01,False,5,175
5,SubstitutionStrategy,8,0.920675537359263,0.39271674233098186,0.01,False,5,200
5,SubstitutionStrategy,9,0.925281473899693,0.38761109978921954,0.01,False,5,225
5,SubstitutionStrategy,10,0.9564994882292733,0.35652984822950057,0.01,False,5,250
5,SubstitutionStrategy,1,0.7743091095189355,0.5380263338165898,0.001,False,5,25
5,SubstitutionStrategy,2,0.8331627430910952,0.4796090414447169,0.001,False,5,50
5,SubstitutionStrategy,3,0.8321392016376663,0.48015712345800093,0.001,False,5,75
5,SubstitutionStrategy,4,0.8295803480040942,0.4829187431643086,0.001,False,5,100
5,SubstitutionStrategy,5,0.8418628454452405,0.47144476444490496,0.001,False,5,125
5,SubstitutionStrategy,6,0.8991811668372569,0.41405878143925823,0.001,False,5,150
5,SubstitutionStrategy,7,0.9002047082906858,0.4124239346673412,0.001,False,5,175
5,SubstitutionStrategy,8,0.9191402251791198,0.39494374490553336,0.001,False,5,200
5,SubstitutionStrategy,9,0.9508700102354145,0.36262801097285363,0.001,False,5,225
5,MarginalizedSubstitutionStrategy,1,0.8802456499488229,0.43520705738375265,0.1,False,5,25
5,MarginalizedSubstitutionStrategy,2,0.9002047082906858,0.41288211941719055,0.1,False,5,50
5,MarginalizedSubstitutionStrategy,3,0.9114636642784033,0.4013469075002978,0.1,False,5,75
5,MarginalizedSubstitutionStrategy,4,0.9319344933469805,0.3811871390188894,0.1,False,5,100
5,MarginalizedSubstitutionStrategy,5,0.9329580348004094,0.3815136455720471,0.1,False,5,125
5,MarginalizedSubstitutionStrategy,6,0.9437052200614124,0.3700987994670868,0.1,False,5,150
5,MarginalizedSubstitutionStrategy,7,0.9524053224155579,0.36165381246997463,0.1,False,5,175
5,MarginalizedSubstitutionStrategy,1,0.8710337768679631,0.44239575439883816,0.01,False,5,25
5,MarginalizedSubstitutionStrategy,2,0.8991811668372569,0.4139150948293747,0.01,False,5,50
5,MarginalizedSubstitutionStrategy,3,0.9114636642784033,0.40158361773337087,0.01,False,5,75
5,MarginalizedSubstitutionStrategy,4,0.9380757420675537,0.37647487175080085,0.01,False,5,100
5,MarginalizedSubstitutionStrategy,5,0.9646878198567042,0.34848316254154327,0.01,False,5,125
5,MarginalizedSubstitutionStrategy,1,0.8398157625383829,0.47267862385319126,0.001,False,5,25
5,MarginalizedSubstitutionStrategy,2,0.8735926305015353,0.4399870528328803,0.001,False,5,50
5,MarginalizedSubstitutionStrategy,3,0.9114636642784033,0.40288256156829094,0.001,False,5,75
5,MarginalizedSubstitutionStrategy,4,0.9191402251791198,0.3952975080859277,0.001,False,5,100
5,MarginalizedSubstitutionStrategy,5,0.9355168884339816,0.37828067906441226,0.001,False,5,125
5,MarginalizedSubstitutionStrategy,6,0.9385875127942682,0.37418781268981194,0.001,False,5,150
5,MarginalizedSubstitutionStrategy,7,0.9401228249744115,0.3722287906754401,0.001,False,5,175
5,MarginalizedSubstitutionStrategy,8,0.9421699078812692,0.37168894756224846,0.001,False,5,200
5,MarginalizedSubstitutionStrategy,9,0.9503582395087001,0.3630489226310484,0.001,False,5,225
5,AlternativeValueStrategy,1,0.970317297850563,0.3429403535781368,0.1,False,5,25
5,AlternativeValueStrategy,1,0.8203684749232344,0.491253157777171,0.01,False,5,25
5,AlternativeValueStrategy,2,0.8802456499488229,0.43420274699887923,0.01,False,5,50
5,AlternativeValueStrategy,3,0.9605936540429887,0.3529615084971151,0.01,False,5,75
5,AlternativeValueStrategy,1,0.8510747185261003,0.4610354611950536,0.001,False,5,25
5,AlternativeValueStrategy,2,0.8730808597748209,0.4389944153447305,0.001,False,5,50
5,AlternativeValueStrategy,3,0.9227226202661207,0.39026000999635263,0.001,False,5,75
5,AlternativeValueStrategy,4,0.9283520982599796,0.3852173964823446,0.001,False,5,100
5,AlternativeValueStrategy,5,0.9298874104401228,0.38280560604987607,0.001,False,5,125
5,AlternativeValueStrategy,6,0.9344933469805528,0.3777193821245624,0.001,False,5,150
5,AlternativeValueStrategy,7,0.9416581371545547,0.37209460331547645,0.001,False,5,175
5,AlternativeValueStrategy,8,0.9421699078812692,0.3711068620604853,0.001,False,5,200
5,AlternativeValueStrategy,9,0.9421699078812692,0.3719963306380856,0.001,False,5,225
5,AlternativeValueStrategy,10,0.9431934493346981,0.3697016796758098,0.001,False,5,250
5,AlternativeValueStrategy,11,0.946775844421699,0.36586346741645565,0.001,False,5,275
5,AlternativeValueStrategy,12,0.9477993858751279,0.36522237908455635,0.001,False,5,300
5,AlternativeValueStrategy,13,0.9518935516888434,0.3615311316905483,0.001,False,5,325
