ce_num,strategy,epoch,accuracy,average_loss,lr,from_ground_zero,num_of_instances_per_epoch,num_of_artificial_instances
1,SubstitutionStrategy,1,0.8219037871033776,0.490436008860988,0.1,False,5,5
1,SubstitutionStrategy,2,0.8925281473899693,0.42066708687813054,0.1,False,5,10
1,SubstitutionStrategy,3,0.9129989764585466,0.4011675638537253,0.1,False,5,15
1,SubstitutionStrategy,4,0.9355168884339816,0.37765928141532407,0.1,False,5,20
1,SubstitutionStrategy,5,0.9406345957011258,0.3726185733272183,0.1,False,5,25
1,SubstitutionStrategy,6,0.9396110542476971,0.3740773297125293,0.1,False,5,30
1,SubstitutionStrategy,7,0.9396110542476971,0.37316984418899785,0.1,False,5,35
1,SubstitutionStrategy,8,0.9416581371545547,0.37101237620076827,0.1,False,5,40
1,SubstitutionStrategy,9,0.9421699078812692,0.3719963306380856,0.1,False,5,45
1,SubstitutionStrategy,10,0.9411463664278403,0.37354902875038887,0.1,False,5,50
1,SubstitutionStrategy,11,0.9411463664278403,0.37300444706793756,0.1,False,5,55
1,SubstitutionStrategy,12,0.9426816786079836,0.3698907398408459,0.1,False,5,60
1,SubstitutionStrategy,13,0.9426816786079836,0.37104749871838477,0.1,False,5,65
1,SubstitutionStrategy,14,0.9426816786079836,0.3706026307998165,0.1,False,5,70
1,SubstitutionStrategy,15,0.9503582395087001,0.36482325773085317,0.1,False,5,75
1,SubstitutionStrategy,1,0.7052200614124872,0.6073882425985029,0.01,False,5,5
1,SubstitutionStrategy,2,0.8567041965199591,0.45510211490815683,0.01,False,5,10
1,SubstitutionStrategy,3,0.9242579324462641,0.3890247892948889,0.01,False,5,15
1,SubstitutionStrategy,4,0.9268167860798362,0.3856010946535295,0.01,False,5,20
1,SubstitutionStrategy,5,0.9268167860798362,0.3866715488895293,0.01,False,5,25
1,SubstitutionStrategy,6,0.9288638689866939,0.3851008126812597,0.01,False,5,30
1,SubstitutionStrategy,7,0.9293756397134084,0.3831602979090906,0.01,False,5,35
1,SubstitutionStrategy,8,0.9293756397134084,0.3828120097037285,0.01,False,5,40
1,SubstitutionStrategy,9,0.9319344933469805,0.38118884928764835,0.01,False,5,45
1,SubstitutionStrategy,10,0.9319344933469805,0.38163224151057584,0.01,False,5,50
1,SubstitutionStrategy,11,0.9319344933469805,0.38163081099910123,0.01,False,5,55
1,SubstitutionStrategy,12,0.932446264073695,0.3797954167089155,0.01,False,5,60
1,SubstitutionStrategy,13,0.9339815762538383,0.3802496079475649,0.01,False,5,65
1,SubstitutionStrategy,14,0.9385875127942682,0.3751198803224871,0.01,False,5,70
1,SubstitutionStrategy,15,0.9396110542476971,0.37351703163116207,0.01,False,5,75
1,SubstitutionStrategy,16,0.9452405322415558,0.36807810875677294,0.01,False,5,80
1,SubstitutionStrategy,17,0.9524053224155579,0.36073328987244635,0.01,False,5,85
1,SubstitutionStrategy,1,0.6898669396110543,0.6240326146925649,0.001,False,5,5
1,SubstitutionStrategy,2,0.7763561924257932,0.5363350914370629,0.001,False,5,10
1,SubstitutionStrategy,3,0.8116683725690891,0.5042151231919566,0.001,False,5,15
1,SubstitutionStrategy,4,0.8469805527123848,0.4655088484287262,0.001,False,5,20
1,SubstitutionStrategy,5,0.8659160696008188,0.4462814994396702,0.001,False,5,25
1,SubstitutionStrategy,6,0.8894575230296827,0.4230347852553091,0.001,False,5,30
1,SubstitutionStrategy,7,0.8986693961105425,0.4139281559375025,0.001,False,5,35
1,SubstitutionStrategy,8,0.9058341862845445,0.4075685874108345,0.001,False,5,40
1,SubstitutionStrategy,9,0.9186284544524054,0.3959159697255781,0.001,False,5,45
1,SubstitutionStrategy,10,0.9242579324462641,0.3887622433324014,0.001,False,5,50
1,SubstitutionStrategy,11,0.9293756397134084,0.38380084787645646,0.001,False,5,55
1,SubstitutionStrategy,12,0.9339815762538383,0.37934870104635915,0.001,False,5,60
1,SubstitutionStrategy,13,0.9390992835209826,0.37336136641040923,0.001,False,5,65
1,SubstitutionStrategy,14,0.9416581371545547,0.3708332296340696,0.001,False,5,70
1,SubstitutionStrategy,15,0.9421699078812692,0.3706621277716852,0.001,False,5,75
1,SubstitutionStrategy,16,0.9421699078812692,0.3705191006583552,0.001,False,5,80
1,SubstitutionStrategy,17,0.9442169907881269,0.369535582680856,0.001,False,5,85
1,SubstitutionStrategy,18,0.9447287615148413,0.3690314360203282,0.001,False,5,90
1,SubstitutionStrategy,19,0.9447287615148413,0.3690314340975977,0.001,False,5,95
1,SubstitutionStrategy,20,0.9488229273285568,0.3658886465334123,0.001,False,5,100
1,SubstitutionStrategy,21,0.9508700102354145,0.36361758170589326,0.001,False,5,105
1,MarginalizedSubstitutionStrategy,1,0.6811668372569089,0.6323207520669506,0.1,False,5,5
1,MarginalizedSubstitutionStrategy,2,0.8996929375639714,0.41428099716863326,0.1,False,5,10
1,MarginalizedSubstitutionStrategy,3,0.9411463664278403,0.3721092458694212,0.1,False,5,15
1,MarginalizedSubstitutionStrategy,4,0.9416581371545547,0.37205044781008073,0.1,False,5,20
1,MarginalizedSubstitutionStrategy,5,0.9503582395087001,0.3634870802202532,0.1,False,5,25
1,MarginalizedSubstitutionStrategy,1,0.8039918116683725,0.5094658434391022,0.01,False,5,5
1,MarginalizedSubstitutionStrategy,2,0.8372569089048106,0.4765412778623642,0.01,False,5,10
1,MarginalizedSubstitutionStrategy,3,0.8393039918116684,0.4747838733657714,0.01,False,5,15
1,MarginalizedSubstitutionStrategy,4,0.8659160696008188,0.4480997189398735,0.01,False,5,20
1,MarginalizedSubstitutionStrategy,5,0.9140225179119754,0.39887141700713863,0.01,False,5,25
1,MarginalizedSubstitutionStrategy,6,0.9104401228249744,0.402353637641476,0.01,False,5,30
1,MarginalizedSubstitutionStrategy,7,0.9222108495394064,0.39210848077650995,0.01,False,5,35
1,MarginalizedSubstitutionStrategy,8,0.9273285568065507,0.38685720486025654,0.01,False,5,40
1,MarginalizedSubstitutionStrategy,9,0.9278403275332651,0.38561164275292426,0.01,False,5,45
1,MarginalizedSubstitutionStrategy,10,0.9288638689866939,0.38510116934776306,0.01,False,5,50
1,MarginalizedSubstitutionStrategy,11,0.9396110542476971,0.3727284833308189,0.01,False,5,55
1,MarginalizedSubstitutionStrategy,12,0.9503582395087001,0.36304233920189644,0.01,False,5,60
1,MarginalizedSubstitutionStrategy,1,0.7635619242579325,0.5479280554479168,0.001,False,5,5
1,MarginalizedSubstitutionStrategy,2,0.7932446264073695,0.5206837432999765,0.001,False,5,10
1,MarginalizedSubstitutionStrategy,3,0.8014329580348004,0.5123737185232101,0.001,False,5,15
1,MarginalizedSubstitutionStrategy,4,0.8449334698055271,0.4705293640013664,0.001,False,5,20
1,MarginalizedSubstitutionStrategy,5,0.8561924257932446,0.4579338950495566,0.001,False,5,25
1,MarginalizedSubstitutionStrategy,6,0.8628454452405322,0.4497030194728605,0.001,False,5,30
1,MarginalizedSubstitutionStrategy,7,0.8654042988741044,0.4498535673464498,0.001,False,5,35
1,MarginalizedSubstitutionStrategy,8,0.8710337768679631,0.4420929089669258,0.001,False,5,40
1,MarginalizedSubstitutionStrategy,9,0.8868986693961105,0.42647551048186516,0.001,False,5,45
1,MarginalizedSubstitutionStrategy,10,0.8904810644831116,0.4220669586812296,0.001,False,5,50
1,MarginalizedSubstitutionStrategy,11,0.8940634595701126,0.41868948840325876,0.001,False,5,55
1,MarginalizedSubstitutionStrategy,12,0.8996929375639714,0.41368242713712877,0.001,False,5,60
1,MarginalizedSubstitutionStrategy,13,0.90992835209826,0.4029409683519794,0.001,False,5,65
1,MarginalizedSubstitutionStrategy,14,0.9176049129989765,0.39488850101347894,0.001,False,5,70
1,MarginalizedSubstitutionStrategy,15,0.9232343909928352,0.3892654940005272,0.001,False,5,75
1,MarginalizedSubstitutionStrategy,16,0.925281473899693,0.38719992195406266,0.001,False,5,80
1,MarginalizedSubstitutionStrategy,17,0.9283520982599796,0.38581292475423506,0.001,False,5,85
1,MarginalizedSubstitutionStrategy,18,0.9334698055271239,0.37923390730734796,0.001,False,5,90
1,MarginalizedSubstitutionStrategy,19,0.936028659160696,0.37717011474793954,0.001,False,5,95
1,MarginalizedSubstitutionStrategy,20,0.9406345957011258,0.3726380467414856,0.001,False,5,100
1,MarginalizedSubstitutionStrategy,21,0.9421699078812692,0.37054476238066153,0.001,False,5,105
1,MarginalizedSubstitutionStrategy,22,0.9447287615148413,0.36807486895591984,0.001,False,5,110
1,MarginalizedSubstitutionStrategy,23,0.9503582395087001,0.36406644121293097,0.001,False,5,115
1,AlternativeValueStrategy,1,0.8848515864892528,0.4285858542688431,0.1,False,5,5
1,AlternativeValueStrategy,2,0.9559877175025588,0.35705531893237946,0.1,False,5,10
1,AlternativeValueStrategy,1,0.8162743091095189,0.49695841823854753,0.01,False,5,5
1,AlternativeValueStrategy,2,0.8331627430910952,0.47884026842732585,0.01,False,5,10
1,AlternativeValueStrategy,3,0.9247697031729785,0.38825074703462664,0.01,False,5,15
1,AlternativeValueStrategy,4,0.9319344933469805,0.38128403502125896,0.01,False,5,20
1,AlternativeValueStrategy,5,0.9319344933469805,0.3818645698408927,0.01,False,5,25
1,AlternativeValueStrategy,6,0.9375639713408394,0.3747280720741518,0.01,False,5,30
1,AlternativeValueStrategy,7,0.9380757420675537,0.3744002888279577,0.01,False,5,35
1,AlternativeValueStrategy,8,0.9380757420675537,0.37500397812935615,0.01,False,5,40
1,AlternativeValueStrategy,9,0.9518935516888434,0.36153569529133456,0.01,False,5,45
1,AlternativeValueStrategy,1,0.7343909928352098,0.5807462286564612,0.001,False,5,5
1,AlternativeValueStrategy,2,0.812691914022518,0.5010462460979339,0.001,False,5,10
1,AlternativeValueStrategy,3,0.8285568065506653,0.48418448048253215,0.001,False,5,15
1,AlternativeValueStrategy,4,0.8853633572159673,0.42822683818878665,0.001,False,5,20
1,AlternativeValueStrategy,5,0.890992835209826,0.42101321777989786,0.001,False,5,25
1,AlternativeValueStrategy,6,0.8971340839303992,0.416988488166563,0.001,False,5,30
1,AlternativeValueStrategy,7,0.9042988741044012,0.40875070421926435,0.001,False,5,35
1,AlternativeValueStrategy,8,0.9104401228249744,0.4029092000376794,0.001,False,5,40
1,AlternativeValueStrategy,9,0.917093142272262,0.39643069524918834,0.001,False,5,45
1,AlternativeValueStrategy,10,0.9201637666325486,0.39325998002483,0.001,False,5,50
1,AlternativeValueStrategy,11,0.925281473899693,0.3869286006496799,0.001,False,5,55
1,AlternativeValueStrategy,12,0.9293756397134084,0.38325750827789307,0.001,False,5,60
1,AlternativeValueStrategy,13,0.9298874104401228,0.3831943667704059,0.001,False,5,65
1,AlternativeValueStrategy,14,0.9370522006141249,0.3770366532187308,0.001,False,5,70
1,AlternativeValueStrategy,15,0.9396110542476971,0.37362476125840216,0.001,False,5,75
1,AlternativeValueStrategy,16,0.9416581371545547,0.3724995034356271,0.001,False,5,80
1,AlternativeValueStrategy,17,0.9442169907881269,0.3695370939470107,0.001,False,5,85
1,AlternativeValueStrategy,18,0.9503582395087001,0.3628513438086356,0.001,False,5,90
2,SubstitutionStrategy,1,0.5885363357215967,0.7250088030292142,0.1,False,5,10
2,SubstitutionStrategy,2,0.7241555783009211,0.5879786110693409,0.1,False,5,20
2,SubstitutionStrategy,3,0.7205731832139202,0.589322752529575,0.1,False,5,30
2,SubstitutionStrategy,4,0.7256908904810645,0.5860883660854832,0.1,False,5,40
2,SubstitutionStrategy,5,0.8546571136131014,0.4581965996373084,0.1,False,5,50
2,SubstitutionStrategy,6,0.8863868986693961,0.4248506695993485,0.1,False,5,60
2,SubstitutionStrategy,7,0.887410440122825,0.4254871529917563,0.1,False,5,70
2,SubstitutionStrategy,8,0.8858751279426816,0.4274531151017835,0.1,False,5,80
2,SubstitutionStrategy,9,0.9713408393039918,0.3414876268756005,0.1,False,5,90
2,SubstitutionStrategy,1,0.8812691914022518,0.4333088340297822,0.01,False,5,10
2,SubstitutionStrategy,2,0.8976458546571137,0.4151206083836094,0.01,False,5,20
2,SubstitutionStrategy,3,0.8991811668372569,0.413194066093814,0.01,False,5,30
2,SubstitutionStrategy,4,0.9370522006141249,0.3768958968500937,0.01,False,5,40
2,SubstitutionStrategy,5,0.9529170931422722,0.3600049336110392,0.01,False,5,50
2,SubstitutionStrategy,1,0.7430910951893551,0.5710368262183282,0.001,False,5,10
2,SubstitutionStrategy,2,0.7942681678607983,0.5207466944571464,0.001,False,5,20
2,SubstitutionStrategy,3,0.8116683725690891,0.5019906019010851,0.001,False,5,30
2,SubstitutionStrategy,4,0.8208802456499488,0.4921279030461465,0.001,False,5,40
2,SubstitutionStrategy,5,0.868474923234391,0.44472421080835406,0.001,False,5,50
2,SubstitutionStrategy,6,0.8725690890481065,0.4418601739791132,0.001,False,5,60
2,SubstitutionStrategy,7,0.9201637666325486,0.39362632843755907,0.001,False,5,70
2,SubstitutionStrategy,8,0.9370522006141249,0.37580363885048895,0.001,False,5,80
2,SubstitutionStrategy,9,0.9385875127942682,0.37463090688951556,0.001,False,5,90
2,SubstitutionStrategy,10,0.9426816786079836,0.37015843583691505,0.001,False,5,100
2,SubstitutionStrategy,11,0.946775844421699,0.367460084538306,0.001,False,5,110
2,SubstitutionStrategy,12,0.946775844421699,0.3669717955973841,0.001,False,5,120
2,SubstitutionStrategy,13,0.9503582395087001,0.3623498860866793,0.001,False,5,130
2,MarginalizedSubstitutionStrategy,1,0.7661207778915046,0.5458230943449082,0.1,False,5,10
2,MarginalizedSubstitutionStrategy,2,0.9406345957011258,0.3721830431492098,0.1,False,5,20
2,MarginalizedSubstitutionStrategy,3,0.9406345957011258,0.3721228539943695,0.1,False,5,30
2,MarginalizedSubstitutionStrategy,4,0.9508700102354145,0.36253117457512885,0.1,False,5,40
2,MarginalizedSubstitutionStrategy,1,0.7906857727737974,0.5206636738392615,0.01,False,5,10
2,MarginalizedSubstitutionStrategy,2,0.8239508700102354,0.4890870519222752,0.01,False,5,20
2,MarginalizedSubstitutionStrategy,3,0.8884339815762539,0.42606916350703083,0.01,False,5,30
2,MarginalizedSubstitutionStrategy,4,0.90992835209826,0.4036694582431547,0.01,False,5,40
2,MarginalizedSubstitutionStrategy,5,0.9078812691914022,0.405767233141007,0.01,False,5,50
2,MarginalizedSubstitutionStrategy,6,0.9350051177072671,0.37806091770049066,0.01,False,5,60
2,MarginalizedSubstitutionStrategy,7,0.9503582395087001,0.3621538569850306,0.01,False,5,70
2,MarginalizedSubstitutionStrategy,1,0.8787103377686797,0.4349968558357608,0.001,False,5,10
2,MarginalizedSubstitutionStrategy,2,0.8955987717502559,0.4179507436290864,0.001,False,5,20
2,MarginalizedSubstitutionStrategy,3,0.9196519959058342,0.3931631561248533,0.001,False,5,30
2,MarginalizedSubstitutionStrategy,4,0.9273285568065507,0.3866103406875364,0.001,False,5,40
2,MarginalizedSubstitutionStrategy,5,0.9390992835209826,0.37384752208186733,0.001,False,5,50
2,MarginalizedSubstitutionStrategy,6,0.9447287615148413,0.3687308853672397,0.001,False,5,60
2,MarginalizedSubstitutionStrategy,7,0.9488229273285568,0.3641118945613984,0.001,False,5,70
2,MarginalizedSubstitutionStrategy,8,0.9518935516888434,0.3612339054384539,0.001,False,5,80
2,AlternativeValueStrategy,1,0.8899692937563971,0.4231624478294003,0.1,False,5,10
2,AlternativeValueStrategy,2,0.9083930399181167,0.40470893056161944,0.1,False,5,20
2,AlternativeValueStrategy,3,0.9575230296827022,0.35502649411078424,0.1,False,5,30
2,AlternativeValueStrategy,1,0.9273285568065507,0.3852384225014717,0.01,False,5,10
2,AlternativeValueStrategy,2,0.9539406345957011,0.3594924298024947,0.01,False,5,20
2,AlternativeValueStrategy,1,0.7482088024564995,0.5662832779269065,0.001,False,5,10
2,AlternativeValueStrategy,2,0.8679631525076765,0.44419651454494846,0.001,False,5,20
2,AlternativeValueStrategy,3,0.9037871033776868,0.4087967372709705,0.001,False,5,30
2,AlternativeValueStrategy,4,0.9421699078812692,0.37029045051144016,0.001,False,5,40
2,AlternativeValueStrategy,5,0.9508700102354145,0.3634409635297714,0.001,False,5,50
3,SubstitutionStrategy,1,0.7175025588536336,0.5956830670756679,0.1,False,5,15
3,SubstitutionStrategy,2,0.8899692937563971,0.42303707234321103,0.1,False,5,30
3,SubstitutionStrategy,3,0.9564994882292733,0.3570220797292648,0.1,False,5,45
3,SubstitutionStrategy,1,0.8730808597748209,0.4403475398017514,0.01,False,5,15
3,SubstitutionStrategy,2,0.8787103377686797,0.4349343026837995,0.01,False,5,30
3,SubstitutionStrategy,3,0.9150460593654043,0.39823655063106167,0.01,False,5,45
3,SubstitutionStrategy,4,0.9442169907881269,0.36997626096971575,0.01,False,5,60
3,SubstitutionStrategy,5,0.9416581371545547,0.3711662802004045,0.01,False,5,75
3,SubstitutionStrategy,6,0.9390992835209826,0.3745939337438153,0.01,False,5,90
3,SubstitutionStrategy,7,0.9406345957011258,0.37262362241744995,0.01,False,5,105
3,SubstitutionStrategy,8,0.9406345957011258,0.3721742533868359,0.01,False,5,120
3,SubstitutionStrategy,9,0.9411463664278403,0.3716682214890757,0.01,False,5,135
3,SubstitutionStrategy,10,0.9472876151484135,0.3660665394798402,0.01,False,5,150
3,SubstitutionStrategy,11,0.9488229273285568,0.36405387905336195,0.01,False,5,165
3,SubstitutionStrategy,12,0.9493346980552713,0.36360507338277753,0.01,False,5,180
3,SubstitutionStrategy,13,0.9503582395087001,0.3621534801298572,0.01,False,5,195
3,SubstitutionStrategy,1,0.8070624360286591,0.5062252311937271,0.001,False,5,15
3,SubstitutionStrategy,2,0.8316274309109519,0.48321535125855475,0.001,False,5,30
3,SubstitutionStrategy,3,0.8781985670419652,0.4341209848080912,0.001,False,5,45
3,SubstitutionStrategy,4,0.8991811668372569,0.4153589837012752,0.001,False,5,60
3,SubstitutionStrategy,5,0.9160696008188332,0.39659822083288626,0.001,False,5,75
3,SubstitutionStrategy,6,0.925281473899693,0.38772446878494754,0.001,False,5,90
3,SubstitutionStrategy,7,0.9344933469805528,0.3786709568192882,0.001,False,5,105
3,SubstitutionStrategy,8,0.936028659160696,0.3762659517026717,0.001,False,5,120
3,SubstitutionStrategy,9,0.9370522006141249,0.3763216935819195,0.001,False,5,135
3,SubstitutionStrategy,10,0.9390992835209826,0.37339678310578867,0.001,False,5,150
3,SubstitutionStrategy,11,0.9426816786079836,0.3704626262187958,0.001,False,5,165
3,SubstitutionStrategy,12,0.9457523029682702,0.36713392888346025,0.001,False,5,180
3,SubstitutionStrategy,13,0.9498464687819856,0.3639870641692992,0.001,False,5,195
3,SubstitutionStrategy,14,0.95496417604913,0.3585213326638745,0.001,False,5,210
3,MarginalizedSubstitutionStrategy,1,0.6668372569089048,0.6458658172238257,0.1,False,5,15
3,MarginalizedSubstitutionStrategy,2,0.8710337768679631,0.4416998230641888,0.1,False,5,30
3,MarginalizedSubstitutionStrategy,3,0.9242579324462641,0.3891753015979644,0.1,False,5,45
3,MarginalizedSubstitutionStrategy,4,0.9508700102354145,0.36300348081896383,0.1,False,5,60
3,MarginalizedSubstitutionStrategy,1,0.5967246673490276,0.7182496920708688,0.01,False,5,15
3,MarginalizedSubstitutionStrategy,2,0.8019447287615148,0.5132092025972181,0.01,False,5,30
3,MarginalizedSubstitutionStrategy,3,0.9416581371545547,0.37208466183754707,0.01,False,5,45
3,MarginalizedSubstitutionStrategy,4,0.9416581371545547,0.37162029454785006,0.01,False,5,60
3,MarginalizedSubstitutionStrategy,5,0.9529170931422722,0.36002059328940605,0.01,False,5,75
3,MarginalizedSubstitutionStrategy,1,0.8116683725690891,0.5008412666859166,0.001,False,5,15
3,MarginalizedSubstitutionStrategy,2,0.8822927328556807,0.42998503388897064,0.001,False,5,30
3,MarginalizedSubstitutionStrategy,3,0.898157625383828,0.41532070021475515,0.001,False,5,45
3,MarginalizedSubstitutionStrategy,4,0.9027635619242579,0.41086505113109467,0.001,False,5,60
3,MarginalizedSubstitutionStrategy,5,0.9150460593654043,0.3979290291186302,0.001,False,5,75
3,MarginalizedSubstitutionStrategy,6,0.9309109518935517,0.3822018234960495,0.001,False,5,90
3,MarginalizedSubstitutionStrategy,7,0.9355168884339816,0.37721888384511393,0.001,False,5,105
3,MarginalizedSubstitutionStrategy,8,0.9355168884339816,0.3769208462007584,0.001,False,5,120
3,MarginalizedSubstitutionStrategy,9,0.936028659160696,0.3771486763031252,0.001,False,5,135
3,MarginalizedSubstitutionStrategy,10,0.9370522006141249,0.37670694916479047,0.001,False,5,150
3,MarginalizedSubstitutionStrategy,11,0.9375639713408394,0.3750651430699133,0.001,False,5,165
3,MarginalizedSubstitutionStrategy,12,0.9390992835209826,0.37408623291600135,0.001,False,5,180
3,MarginalizedSubstitutionStrategy,13,0.9406345957011258,0.3722809928078805,0.001,False,5,195
3,MarginalizedSubstitutionStrategy,14,0.9411463664278403,0.37178477741056876,0.001,False,5,210
3,MarginalizedSubstitutionStrategy,15,0.9411463664278403,0.3716674418218674,0.001,False,5,225
3,MarginalizedSubstitutionStrategy,16,0.9406345957011258,0.3721606221891219,0.001,False,5,240
3,MarginalizedSubstitutionStrategy,17,0.9406345957011258,0.3735085360465511,0.001,False,5,255
3,MarginalizedSubstitutionStrategy,18,0.9406345957011258,0.37246987992717373,0.001,False,5,270
3,MarginalizedSubstitutionStrategy,19,0.9416581371545547,0.373062874040296,0.001,False,5,285
3,MarginalizedSubstitutionStrategy,20,0.9416581371545547,0.37251376048211127,0.001,False,5,300
3,MarginalizedSubstitutionStrategy,21,0.9421699078812692,0.37066368037654507,0.001,False,5,315
3,MarginalizedSubstitutionStrategy,22,0.9421699078812692,0.37066214219216376,0.001,False,5,330
3,MarginalizedSubstitutionStrategy,23,0.9503582395087001,0.3625871721775301,0.001,False,5,345
3,AlternativeValueStrategy,1,0.8480040941658137,0.464687236855107,0.1,False,5,15
3,AlternativeValueStrategy,2,0.9713408393039918,0.34148755477320764,0.1,False,5,30
3,AlternativeValueStrategy,1,0.6791197543500512,0.6342257530458512,0.01,False,5,15
3,AlternativeValueStrategy,2,0.853121801432958,0.4602281874225986,0.01,False,5,30
3,AlternativeValueStrategy,3,0.9068577277379734,0.40658036835732,0.01,False,5,45
3,AlternativeValueStrategy,4,0.9518935516888434,0.3612133399132759,0.01,False,5,60
3,AlternativeValueStrategy,1,0.7886386898669396,0.5263487139055806,0.001,False,5,15
3,AlternativeValueStrategy,2,0.8331627430910952,0.4793369529708739,0.001,False,5,30
3,AlternativeValueStrategy,3,0.8966223132036848,0.41729699892382466,0.001,False,5,45
3,AlternativeValueStrategy,4,0.9150460593654043,0.3986395068707005,0.001,False,5,60
3,AlternativeValueStrategy,5,0.9385875127942682,0.37552441896930816,0.001,False,5,75
3,AlternativeValueStrategy,6,0.946775844421699,0.3666362089495505,0.001,False,5,90
3,AlternativeValueStrategy,7,0.9503582395087001,0.36239072392063754,0.001,False,5,105
4,SubstitutionStrategy,1,0.9339815762538383,0.37872639971394695,0.1,False,5,20
4,SubstitutionStrategy,2,0.932446264073695,0.3807976466994132,0.1,False,5,40
4,SubstitutionStrategy,3,0.9329580348004094,0.3806241769944468,0.1,False,5,60
4,SubstitutionStrategy,4,0.9355168884339816,0.37719377106235874,0.1,False,5,80
4,SubstitutionStrategy,5,0.9370522006141249,0.37572536160868986,0.1,False,5,100
4,SubstitutionStrategy,6,0.936028659160696,0.3767106129277137,0.1,False,5,120
4,SubstitutionStrategy,7,0.9355168884339816,0.3772145067491839,0.1,False,5,140
4,SubstitutionStrategy,8,0.9426816786079836,0.37014458640929193,0.1,False,5,160
4,SubstitutionStrategy,9,0.9529170931422722,0.35954622780123063,0.1,False,5,180
4,SubstitutionStrategy,1,0.9022517911975435,0.41053423766166935,0.01,False,5,20
4,SubstitutionStrategy,2,0.9211873080859775,0.3916448825790036,0.01,False,5,40
4,SubstitutionStrategy,3,0.9309109518935517,0.38220011515002095,0.01,False,5,60
4,SubstitutionStrategy,4,0.9334698055271239,0.37877506017684937,0.01,False,5,80
4,SubstitutionStrategy,5,0.9385875127942682,0.3736587926264732,0.01,False,5,100
4,SubstitutionStrategy,6,0.9375639713408394,0.37547028064727783,0.01,False,5,120
4,SubstitutionStrategy,7,0.9667349027635619,0.3465919859947697,0.01,False,5,140
4,SubstitutionStrategy,1,0.8362333674513818,0.47737143597295206,0.001,False,5,20
4,SubstitutionStrategy,2,0.8500511770726714,0.46591372643747636,0.001,False,5,40
4,SubstitutionStrategy,3,0.8991811668372569,0.41467318804033343,0.001,False,5,60
4,SubstitutionStrategy,4,0.9068577277379734,0.40536183695639333,0.001,False,5,80
4,SubstitutionStrategy,5,0.920675537359263,0.39153482740925205,0.001,False,5,100
4,SubstitutionStrategy,6,0.9334698055271239,0.3786635350796484,0.001,False,5,120
4,SubstitutionStrategy,7,0.9350051177072671,0.3781634972941491,0.001,False,5,140
4,SubstitutionStrategy,8,0.9365404298874105,0.376704026614466,0.001,False,5,160
4,SubstitutionStrategy,9,0.9380757420675537,0.37595710927440273,0.001,False,5,180
4,SubstitutionStrategy,10,0.9406345957011258,0.3716695914345403,0.001,False,5,200
4,SubstitutionStrategy,11,0.9452405322415558,0.3678753385620733,0.001,False,5,220
4,SubstitutionStrategy,12,0.9498464687819856,0.3639943888110499,0.001,False,5,240
4,SubstitutionStrategy,13,0.9503582395087001,0.3635015103124803,0.001,False,5,260
4,MarginalizedSubstitutionStrategy,1,0.8280450358239508,0.4843583818404905,0.1,False,5,20
4,MarginalizedSubstitutionStrategy,2,0.8986693961105425,0.41450959059499926,0.1,False,5,40
4,MarginalizedSubstitutionStrategy,3,0.9165813715455476,0.39674814381907064,0.1,False,5,60
4,MarginalizedSubstitutionStrategy,4,0.9375639713408394,0.37613430619239807,0.1,False,5,80
4,MarginalizedSubstitutionStrategy,5,0.9375639713408394,0.3765253732281347,0.1,False,5,100
4,MarginalizedSubstitutionStrategy,6,0.9437052200614124,0.3695948614228156,0.1,False,5,120
4,MarginalizedSubstitutionStrategy,7,0.9442169907881269,0.3690922904399134,0.1,False,5,140
4,MarginalizedSubstitutionStrategy,8,0.95496417604913,0.35850605560887244,0.1,False,5,160
4,MarginalizedSubstitutionStrategy,1,0.8019447287615148,0.5123480029644505,0.01,False,5,20
4,MarginalizedSubstitutionStrategy,2,0.8848515864892528,0.4291327509187883,0.01,False,5,40
4,MarginalizedSubstitutionStrategy,3,0.9114636642784033,0.4019456438479885,0.01,False,5,60
4,MarginalizedSubstitutionStrategy,4,0.9370522006141249,0.3761698824744071,0.01,False,5,80
4,MarginalizedSubstitutionStrategy,5,0.9365404298874105,0.37753188610076904,0.01,False,5,100
4,MarginalizedSubstitutionStrategy,6,0.9375639713408394,0.37519841809426585,0.01,False,5,120
4,MarginalizedSubstitutionStrategy,7,0.9375639713408394,0.37519841809426585,0.01,False,5,140
4,MarginalizedSubstitutionStrategy,8,0.9375639713408394,0.3752240586665369,0.01,False,5,160
4,MarginalizedSubstitutionStrategy,9,0.9370522006141249,0.37697537003024933,0.01,False,5,180
4,MarginalizedSubstitutionStrategy,10,0.9416581371545547,0.3716108981640108,0.01,False,5,200
4,MarginalizedSubstitutionStrategy,11,0.9380757420675537,0.3748332290880142,0.01,False,5,220
4,MarginalizedSubstitutionStrategy,12,0.9370522006141249,0.37570245035233035,0.01,False,5,240
4,MarginalizedSubstitutionStrategy,13,0.9370522006141249,0.3765940127834197,0.01,False,5,260
4,MarginalizedSubstitutionStrategy,14,0.936028659160696,0.3771469929525929,0.01,False,5,280
4,MarginalizedSubstitutionStrategy,15,0.9355168884339816,0.37720618036485487,0.01,False,5,300
4,MarginalizedSubstitutionStrategy,16,0.9355168884339816,0.3781040157041242,0.01,False,5,320
4,MarginalizedSubstitutionStrategy,17,0.9355168884339816,0.37723362638104346,0.01,False,5,340
4,MarginalizedSubstitutionStrategy,18,0.9350051177072671,0.37771846113666413,0.01,False,5,360
4,MarginalizedSubstitutionStrategy,19,0.9370522006141249,0.37658333297698726,0.01,False,5,380
4,MarginalizedSubstitutionStrategy,20,0.9718526100307062,0.34187299109274344,0.01,False,5,400
4,MarginalizedSubstitutionStrategy,1,0.8940634595701126,0.41894533076593954,0.001,False,5,20
4,MarginalizedSubstitutionStrategy,2,0.9053224155578301,0.40871704009271437,0.001,False,5,40
4,MarginalizedSubstitutionStrategy,3,0.9283520982599796,0.38471173471020115,0.001,False,5,60
4,MarginalizedSubstitutionStrategy,4,0.9350051177072671,0.3781364531286301,0.001,False,5,80
4,MarginalizedSubstitutionStrategy,5,0.9380757420675537,0.37469438679756656,0.001,False,5,100
4,MarginalizedSubstitutionStrategy,6,0.9401228249744115,0.3726671088126398,0.001,False,5,120
4,MarginalizedSubstitutionStrategy,7,0.946775844421699,0.36612546059393114,0.001,False,5,140
4,MarginalizedSubstitutionStrategy,8,0.9477993858751279,0.36561376817764774,0.001,False,5,160
4,MarginalizedSubstitutionStrategy,9,0.9477993858751279,0.3665076061602562,0.001,False,5,180
4,MarginalizedSubstitutionStrategy,10,0.9503582395087001,0.36270401939269037,0.001,False,5,200
4,AlternativeValueStrategy,1,0.8694984646878199,0.44365572929382324,0.1,False,5,20
4,AlternativeValueStrategy,2,0.8725690890481065,0.43984090993481295,0.1,False,5,40
4,AlternativeValueStrategy,3,0.9580348004094166,0.3551790848855049,0.1,False,5,60
4,AlternativeValueStrategy,1,0.838792221084954,0.4731773493751403,0.01,False,5,20
4,AlternativeValueStrategy,2,0.9022517911975435,0.41155335307121277,0.01,False,5,40
4,AlternativeValueStrategy,3,0.9529170931422722,0.3614469305161507,0.01,False,5,60
4,AlternativeValueStrategy,1,0.7932446264073695,0.5203331160929895,0.001,False,5,20
4,AlternativeValueStrategy,2,0.8582395087001023,0.4545822258918516,0.001,False,5,40
4,AlternativeValueStrategy,3,0.8618219037871033,0.4506569754692816,0.001,False,5,60
4,AlternativeValueStrategy,4,0.9406345957011258,0.3725383166343935,0.001,False,5,80
4,AlternativeValueStrategy,5,0.9462640736949847,0.36708144218690936,0.001,False,5,100
4,AlternativeValueStrategy,6,0.9518935516888434,0.361972346421211,0.001,False,5,120
5,SubstitutionStrategy,1,0.8940634595701126,0.4181665730091833,0.1,False,5,25
5,SubstitutionStrategy,2,0.962128966223132,0.35113785439921963,0.1,False,5,50
5,SubstitutionStrategy,1,0.8004094165813715,0.5142043204076828,0.01,False,5,25
5,SubstitutionStrategy,2,0.946775844421699,0.36594273198035454,0.01,False,5,50
5,SubstitutionStrategy,3,0.951381780962129,0.36153642977437667,0.01,False,5,75
5,SubstitutionStrategy,1,0.8643807574206755,0.4500942412884005,0.001,False,5,25
5,SubstitutionStrategy,2,0.8776867963152508,0.4351485631158275,0.001,False,5,50
5,SubstitutionStrategy,3,0.9032753326509724,0.41135217105188676,0.001,False,5,75
5,SubstitutionStrategy,4,0.925281473899693,0.38849507416448287,0.001,False,5,100
5,SubstitutionStrategy,5,0.9452405322415558,0.3684617723188093,0.001,False,5,125
5,SubstitutionStrategy,6,0.9493346980552713,0.36323626291367317,0.001,False,5,150
5,SubstitutionStrategy,7,0.9508700102354145,0.36194784218265164,0.001,False,5,175
5,MarginalizedSubstitutionStrategy,1,0.8290685772773797,0.4857016888356978,0.1,False,5,25
5,MarginalizedSubstitutionStrategy,2,0.8464687819856704,0.46623572899449256,0.1,False,5,50
5,MarginalizedSubstitutionStrategy,3,0.8408393039918116,0.47088689092666874,0.1,False,5,75
5,MarginalizedSubstitutionStrategy,4,0.9396110542476971,0.37408092137305965,0.1,False,5,100
5,MarginalizedSubstitutionStrategy,5,0.9483111566018424,0.36594932886861986,0.1,False,5,125
5,MarginalizedSubstitutionStrategy,6,0.95496417604913,0.35761658703127214,0.1,False,5,150
5,MarginalizedSubstitutionStrategy,1,0.8848515864892528,0.42780439219167155,0.01,False,5,25
5,MarginalizedSubstitutionStrategy,2,0.8817809621289662,0.4314997455766124,0.01,False,5,50
5,MarginalizedSubstitutionStrategy,3,0.9288638689866939,0.38370668599682467,0.01,False,5,75
5,MarginalizedSubstitutionStrategy,4,0.9278403275332651,0.3847675275418066,0.01,False,5,100
5,MarginalizedSubstitutionStrategy,5,0.9257932446264073,0.38760054111480713,0.01,False,5,125
5,MarginalizedSubstitutionStrategy,6,0.9380757420675537,0.37552685506882205,0.01,False,5,150
5,MarginalizedSubstitutionStrategy,7,0.9385875127942682,0.3750637452448568,0.01,False,5,175
5,MarginalizedSubstitutionStrategy,8,0.9559877175025588,0.358058734286216,0.01,False,5,200
5,MarginalizedSubstitutionStrategy,1,0.9119754350051177,0.4017278753942059,0.001,False,5,25
5,MarginalizedSubstitutionStrategy,2,0.9191402251791198,0.394996024908558,0.001,False,5,50
5,MarginalizedSubstitutionStrategy,3,0.9350051177072671,0.37888321568889005,0.001,False,5,75
5,MarginalizedSubstitutionStrategy,4,0.9421699078812692,0.3709539559579665,0.001,False,5,100
5,MarginalizedSubstitutionStrategy,5,0.9426816786079836,0.37015575843472637,0.001,False,5,125
5,MarginalizedSubstitutionStrategy,6,0.9508700102354145,0.3620955482605965,0.001,False,5,150
5,AlternativeValueStrategy,1,0.9570112589559877,0.35612025760835214,0.1,False,5,25
5,AlternativeValueStrategy,1,0.7952917093142272,0.5178543752239596,0.01,False,5,25
5,AlternativeValueStrategy,2,0.8705220061412487,0.4417931975856904,0.01,False,5,50
5,AlternativeValueStrategy,3,0.8868986693961105,0.42576350800452695,0.01,False,5,75
5,AlternativeValueStrategy,4,0.9201637666325486,0.39387383287952793,0.01,False,5,100
5,AlternativeValueStrategy,5,0.9165813715455476,0.3967544638341473,0.01,False,5,125
5,AlternativeValueStrategy,6,0.9401228249744115,0.3731526501717106,0.01,False,5,150
5,AlternativeValueStrategy,7,0.9682702149437052,0.3462918766083256,0.01,False,5,175
5,AlternativeValueStrategy,1,0.8679631525076765,0.44570041471912014,0.001,False,5,25
5,AlternativeValueStrategy,2,0.8879222108495394,0.4254755041291637,0.001,False,5,50
5,AlternativeValueStrategy,3,0.8976458546571137,0.4171794691393452,0.001,False,5,75
5,AlternativeValueStrategy,4,0.9222108495394064,0.39076399707025095,0.001,False,5,100
5,AlternativeValueStrategy,5,0.9268167860798362,0.3859112349248702,0.001,False,5,125
5,AlternativeValueStrategy,6,0.9406345957011258,0.3717363236411925,0.001,False,5,150
5,AlternativeValueStrategy,7,0.9493346980552713,0.36360571557475674,0.001,False,5,175
5,AlternativeValueStrategy,8,0.9503582395087001,0.36259770201098535,0.001,False,5,200
