ce_num,strategy,epoch,accuracy,average_loss,lr,from_ground_zero,num_of_instances_per_epoch,num_of_artificial_instances
1,SubstitutionStrategy,1,0.7963152507676561,0.5166972250707688,0.1,True,5,5
1,SubstitutionStrategy,2,0.8413510747185261,0.47188135789286706,0.1,True,5,10
1,SubstitutionStrategy,3,0.8444216990788127,0.4704770388141755,0.1,True,5,15
1,SubstitutionStrategy,4,0.8480040941658137,0.4647391265438449,0.1,True,5,20
1,SubstitutionStrategy,5,0.872057318321392,0.4414934881271855,0.1,True,5,25
1,SubstitutionStrategy,6,0.876663254861822,0.4372653576635545,0.1,True,5,30
1,SubstitutionStrategy,7,0.8787103377686797,0.4353864250644561,0.1,True,5,35
1,SubstitutionStrategy,8,0.8802456499488229,0.4338753396464932,0.1,True,5,40
1,SubstitutionStrategy,9,0.9037871033776868,0.4089909513150492,0.1,True,5,45
1,SubstitutionStrategy,10,0.906345957011259,0.4065078814183512,0.1,True,5,50
1,SubstitutionStrategy,11,0.906345957011259,0.40738808724188036,0.1,True,5,55
1,SubstitutionStrategy,12,0.9677584442169908,0.34590524915725956,0.1,True,5,60
1,SubstitutionStrategy,1,0.7804503582395087,0.5311067421590129,0.01,True,5,5
1,SubstitutionStrategy,2,0.8556806550665302,0.45848457563307976,0.01,True,5,10
1,SubstitutionStrategy,3,0.868474923234391,0.44529415907398345,0.01,True,5,15
1,SubstitutionStrategy,4,0.9073694984646878,0.4065391267499616,0.01,True,5,20
1,SubstitutionStrategy,5,0.9109518935516888,0.4026760314741442,0.01,True,5,25
1,SubstitutionStrategy,6,0.9083930399181167,0.4053549872290704,0.01,True,5,30
1,SubstitutionStrategy,7,0.9114636642784033,0.4009373812906204,0.01,True,5,35
1,SubstitutionStrategy,8,0.9288638689866939,0.38420752267683705,0.01,True,5,40
1,SubstitutionStrategy,9,0.9355168884339816,0.37765928141532407,0.01,True,5,45
1,SubstitutionStrategy,10,0.9370522006141249,0.3759255216967675,0.01,True,5,50
1,SubstitutionStrategy,11,0.9334698055271239,0.38063138050417744,0.01,True,5,55
1,SubstitutionStrategy,12,0.9329580348004094,0.3801702135993588,0.01,True,5,60
1,SubstitutionStrategy,13,0.9329580348004094,0.38061953648444147,0.01,True,5,65
1,SubstitutionStrategy,14,0.9370522006141249,0.3752582851917513,0.01,True,5,70
1,SubstitutionStrategy,15,0.9493346980552713,0.3657374680042267,0.01,True,5,75
1,SubstitutionStrategy,16,0.9539406345957011,0.3599588544138016,0.01,True,5,80
1,SubstitutionStrategy,1,0.8254861821903787,0.4876514769369556,0.001,True,5,5
1,SubstitutionStrategy,2,0.8572159672466735,0.4561374081719306,0.001,True,5,10
1,SubstitutionStrategy,3,0.8674513817809621,0.44510717834195784,0.001,True,5,15
1,SubstitutionStrategy,4,0.872057318321392,0.44109251229993757,0.001,True,5,20
1,SubstitutionStrategy,5,0.8771750255885363,0.4365550616095143,0.001,True,5,25
1,SubstitutionStrategy,6,0.8945752302968271,0.4192407544582121,0.001,True,5,30
1,SubstitutionStrategy,7,0.9104401228249744,0.40292237843236617,0.001,True,5,35
1,SubstitutionStrategy,8,0.9237461617195496,0.3889548336305926,0.001,True,5,40
1,SubstitutionStrategy,9,0.925281473899693,0.38698789573484854,0.001,True,5,45
1,SubstitutionStrategy,10,0.9273285568065507,0.38717628390558306,0.001,True,5,50
1,SubstitutionStrategy,11,0.9355168884339816,0.37817535477299846,0.001,True,5,55
1,SubstitutionStrategy,12,0.9355168884339816,0.3772640026384784,0.001,True,5,60
1,SubstitutionStrategy,13,0.9380757420675537,0.3740977741056873,0.001,True,5,65
1,SubstitutionStrategy,14,0.9406345957011258,0.3725733055222419,0.001,True,5,70
1,SubstitutionStrategy,15,0.9416581371545547,0.3707214238182191,0.001,True,5,75
1,SubstitutionStrategy,16,0.9437052200614124,0.3691560799075711,0.001,True,5,80
1,SubstitutionStrategy,17,0.9452405322415558,0.3680832520607979,0.001,True,5,85
1,SubstitutionStrategy,18,0.946775844421699,0.36567975436487504,0.001,True,5,90
1,SubstitutionStrategy,19,0.9483111566018424,0.365030647285523,0.001,True,5,95
1,SubstitutionStrategy,20,0.9503582395087001,0.36304275931850555,0.001,True,5,100
1,MarginalizedSubstitutionStrategy,1,0.7942681678607983,0.5195632461578615,0.1,True,5,5
1,MarginalizedSubstitutionStrategy,2,0.8705220061412487,0.44189104918510685,0.1,True,5,10
1,MarginalizedSubstitutionStrategy,3,0.8741044012282497,0.4379325451389436,0.1,True,5,15
1,MarginalizedSubstitutionStrategy,4,0.9201637666325486,0.39189140546706414,0.1,True,5,20
1,MarginalizedSubstitutionStrategy,5,0.9334698055271239,0.37968926660476193,0.1,True,5,25
1,MarginalizedSubstitutionStrategy,6,0.932446264073695,0.38068345765913686,0.1,True,5,30
1,MarginalizedSubstitutionStrategy,7,0.9309109518935517,0.3813915454572247,0.1,True,5,35
1,MarginalizedSubstitutionStrategy,8,0.9416581371545547,0.3716352678114368,0.1,True,5,40
1,MarginalizedSubstitutionStrategy,9,0.9457523029682702,0.3680233734269296,0.1,True,5,45
1,MarginalizedSubstitutionStrategy,10,0.9815762538382804,0.3318516439007175,0.1,True,5,50
1,MarginalizedSubstitutionStrategy,1,0.8085977482088025,0.5040136691062681,0.01,True,5,5
1,MarginalizedSubstitutionStrategy,2,0.8730808597748209,0.441038332639202,0.01,True,5,10
1,MarginalizedSubstitutionStrategy,3,0.90992835209826,0.40251813396330804,0.01,True,5,15
1,MarginalizedSubstitutionStrategy,4,0.9222108495394064,0.39201202027259335,0.01,True,5,20
1,MarginalizedSubstitutionStrategy,5,0.9165813715455476,0.39580413891423133,0.01,True,5,25
1,MarginalizedSubstitutionStrategy,6,0.9416581371545547,0.37205562860735003,0.01,True,5,30
1,MarginalizedSubstitutionStrategy,7,0.9365404298874105,0.377038057773344,0.01,True,5,35
1,MarginalizedSubstitutionStrategy,8,0.936028659160696,0.3780470019386661,0.01,True,5,40
1,MarginalizedSubstitutionStrategy,9,0.9375639713408394,0.37475392606950575,0.01,True,5,45
1,MarginalizedSubstitutionStrategy,10,0.9411463664278403,0.3717142439657642,0.01,True,5,50
1,MarginalizedSubstitutionStrategy,11,0.9503582395087001,0.3630424805225865,0.01,True,5,55
1,MarginalizedSubstitutionStrategy,1,0.6003070624360286,0.7105941657097109,0.001,True,5,5
1,MarginalizedSubstitutionStrategy,2,0.7164790174002047,0.595527796976028,0.001,True,5,10
1,MarginalizedSubstitutionStrategy,3,0.827021494370522,0.48628170740219856,0.001,True,5,15
1,MarginalizedSubstitutionStrategy,4,0.8352098259979529,0.47804309860352545,0.001,True,5,20
1,MarginalizedSubstitutionStrategy,5,0.8398157625383829,0.4746359702079527,0.001,True,5,25
1,MarginalizedSubstitutionStrategy,6,0.8454452405322416,0.46664358146729007,0.001,True,5,30
1,MarginalizedSubstitutionStrategy,7,0.8669396110542477,0.4463390977151932,0.001,True,5,35
1,MarginalizedSubstitutionStrategy,8,0.8756397134083931,0.43872567338328206,0.001,True,5,40
1,MarginalizedSubstitutionStrategy,9,0.8843398157625384,0.4282760370162226,0.001,True,5,45
1,MarginalizedSubstitutionStrategy,10,0.8879222108495394,0.42417850994294687,0.001,True,5,50
1,MarginalizedSubstitutionStrategy,11,0.8945752302968271,0.4180122152451546,0.001,True,5,55
1,MarginalizedSubstitutionStrategy,12,0.9012282497441146,0.41223198559976393,0.001,True,5,60
1,MarginalizedSubstitutionStrategy,13,0.9053224155578301,0.409631920437659,0.001,True,5,65
1,MarginalizedSubstitutionStrategy,14,0.9109518935516888,0.40216330078340345,0.001,True,5,70
1,MarginalizedSubstitutionStrategy,15,0.920675537359263,0.3921032153790997,0.001,True,5,75
1,MarginalizedSubstitutionStrategy,16,0.9232343909928352,0.39064908219921973,0.001,True,5,80
1,MarginalizedSubstitutionStrategy,17,0.932446264073695,0.3806802543901628,0.001,True,5,85
1,MarginalizedSubstitutionStrategy,18,0.9375639713408394,0.37566168942759115,0.001,True,5,90
1,MarginalizedSubstitutionStrategy,19,0.9406345957011258,0.37217422454587873,0.001,True,5,95
1,MarginalizedSubstitutionStrategy,20,0.9426816786079836,0.3710536043490133,0.001,True,5,100
1,MarginalizedSubstitutionStrategy,21,0.9452405322415558,0.36805558589196974,0.001,True,5,105
1,MarginalizedSubstitutionStrategy,22,0.946775844421699,0.36608882777152524,0.001,True,5,110
1,MarginalizedSubstitutionStrategy,23,0.9508700102354145,0.3620950396983854,0.001,True,5,115
1,AlternativeValueStrategy,1,0.8894575230296827,0.4252469520415029,0.1,True,5,5
1,AlternativeValueStrategy,2,0.9104401228249744,0.403375853453913,0.1,True,5,10
1,AlternativeValueStrategy,3,0.9222108495394064,0.39167039336696746,0.1,True,5,15
1,AlternativeValueStrategy,4,0.9298874104401228,0.38319527333782566,0.1,True,5,20
1,AlternativeValueStrategy,5,0.9667349027635619,0.34646861976192844,0.1,True,5,25
1,AlternativeValueStrategy,1,0.7824974411463664,0.5314034300465738,0.01,True,5,5
1,AlternativeValueStrategy,2,0.8802456499488229,0.4332511117381434,0.01,True,5,10
1,AlternativeValueStrategy,3,0.8925281473899693,0.4201544081011126,0.01,True,5,15
1,AlternativeValueStrategy,4,0.9058341862845445,0.406327421626737,0.01,True,5,20
1,AlternativeValueStrategy,5,0.932446264073695,0.3802394655443007,0.01,True,5,25
1,AlternativeValueStrategy,6,0.9344933469805528,0.37955683181362765,0.01,True,5,30
1,AlternativeValueStrategy,7,0.9406345957011258,0.3721754752820538,0.01,True,5,35
1,AlternativeValueStrategy,8,0.951381780962129,0.3615895471265239,0.01,True,5,40
1,AlternativeValueStrategy,1,0.8290685772773797,0.48332169171302547,0.001,True,5,5
1,AlternativeValueStrategy,2,0.8592630501535312,0.45394470518635166,0.001,True,5,10
1,AlternativeValueStrategy,3,0.8674513817809621,0.44515290471815294,0.001,True,5,15
1,AlternativeValueStrategy,4,0.868474923234391,0.44421870093191823,0.001,True,5,20
1,AlternativeValueStrategy,5,0.8812691914022518,0.4315563969073757,0.001,True,5,25
1,AlternativeValueStrategy,6,0.8884339815762539,0.4229580125501079,0.001,True,5,30
1,AlternativeValueStrategy,7,0.8930399181166837,0.41830078151918226,0.001,True,5,35
1,AlternativeValueStrategy,8,0.898157625383828,0.4154865261047117,0.001,True,5,40
1,AlternativeValueStrategy,9,0.8996929375639714,0.414422950436992,0.001,True,5,45
1,AlternativeValueStrategy,10,0.9022517911975435,0.4099818564230396,0.001,True,5,50
1,AlternativeValueStrategy,11,0.90992835209826,0.40407427856999056,0.001,True,5,55
1,AlternativeValueStrategy,12,0.9150460593654043,0.3972962431369289,0.001,True,5,60
1,AlternativeValueStrategy,13,0.9227226202661207,0.3914502311137415,0.001,True,5,65
1,AlternativeValueStrategy,14,0.9298874104401228,0.3845419672227675,0.001,True,5,70
1,AlternativeValueStrategy,15,0.9334698055271239,0.37967543063625214,0.001,True,5,75
1,AlternativeValueStrategy,16,0.9396110542476971,0.37317486155417656,0.001,True,5,80
1,AlternativeValueStrategy,17,0.9406345957011258,0.3726155104175691,0.001,True,5,85
1,AlternativeValueStrategy,18,0.9447287615148413,0.3679613269144489,0.001,True,5,90
1,AlternativeValueStrategy,19,0.9462640736949847,0.36677427926371176,0.001,True,5,95
1,AlternativeValueStrategy,20,0.9483111566018424,0.3646156778258662,0.001,True,5,100
1,AlternativeValueStrategy,21,0.9493346980552713,0.36442812123606283,0.001,True,5,105
1,AlternativeValueStrategy,22,0.9503582395087001,0.3625278328695605,0.001,True,5,110
2,SubstitutionStrategy,1,0.7727737973387923,0.5402014678524386,0.1,True,5,10
2,SubstitutionStrategy,2,0.7911975435005117,0.5205746898728032,0.1,True,5,20
2,SubstitutionStrategy,3,0.9053224155578301,0.40738347749556264,0.1,True,5,30
2,SubstitutionStrategy,4,0.9268167860798362,0.38609103810402656,0.1,True,5,40
2,SubstitutionStrategy,5,0.9257932446264073,0.38768058438454905,0.1,True,5,50
2,SubstitutionStrategy,6,0.9263050153531218,0.3881307686528852,0.1,True,5,60
2,SubstitutionStrategy,7,0.9585465711361311,0.354528199280462,0.1,True,5,70
2,SubstitutionStrategy,1,0.7589559877175026,0.5525392505430406,0.01,True,5,10
2,SubstitutionStrategy,2,0.8674513817809621,0.4452389603660953,0.01,True,5,20
2,SubstitutionStrategy,3,0.9293756397134084,0.3834173958147726,0.01,True,5,30
2,SubstitutionStrategy,4,0.9298874104401228,0.3832969011798982,0.01,True,5,40
2,SubstitutionStrategy,5,0.9309109518935517,0.3830844413849615,0.01,True,5,50
2,SubstitutionStrategy,6,0.9319344933469805,0.38031171694878607,0.01,True,5,60
2,SubstitutionStrategy,7,0.9370522006141249,0.37614062428474426,0.01,True,5,70
2,SubstitutionStrategy,8,0.9365404298874105,0.37664421431479916,0.01,True,5,80
2,SubstitutionStrategy,9,0.9390992835209826,0.3732415255038969,0.01,True,5,90
2,SubstitutionStrategy,10,0.9390992835209826,0.3741310584929682,0.01,True,5,100
2,SubstitutionStrategy,11,0.9390992835209826,0.3733194201223312,0.01,True,5,110
2,SubstitutionStrategy,12,0.9626407369498464,0.3500522538538902,0.01,True,5,120
2,SubstitutionStrategy,1,0.7134083930399181,0.599194142126268,0.001,True,5,10
2,SubstitutionStrategy,2,0.7210849539406345,0.5917650932265867,0.001,True,5,20
2,SubstitutionStrategy,3,0.72978505629478,0.5836777379435878,0.001,True,5,30
2,SubstitutionStrategy,4,0.8106448311156602,0.5022610656676754,0.001,True,5,40
2,SubstitutionStrategy,5,0.8648925281473899,0.4492476322958546,0.001,True,5,50
2,SubstitutionStrategy,6,0.8889457523029682,0.42443459360830244,0.001,True,5,60
2,SubstitutionStrategy,7,0.9032753326509724,0.4103660919973927,0.001,True,5,70
2,SubstitutionStrategy,8,0.9129989764585466,0.40052056985516704,0.001,True,5,80
2,SubstitutionStrategy,9,0.9191402251791198,0.39464117346271393,0.001,True,5,90
2,SubstitutionStrategy,10,0.9247697031729785,0.38853910949922377,0.001,True,5,100
2,SubstitutionStrategy,11,0.9426816786079836,0.3701675399657219,0.001,True,5,110
2,SubstitutionStrategy,12,0.9493346980552713,0.3633082518654485,0.001,True,5,120
2,SubstitutionStrategy,13,0.9524053224155579,0.3615085501824656,0.001,True,5,130
2,MarginalizedSubstitutionStrategy,1,0.8812691914022518,0.4337263616823381,0.1,True,5,10
2,MarginalizedSubstitutionStrategy,2,0.8833162743091095,0.4295238487182125,0.1,True,5,20
2,MarginalizedSubstitutionStrategy,3,0.9677584442169908,0.3454605148684594,0.1,True,5,30
2,MarginalizedSubstitutionStrategy,1,0.8833162743091095,0.43093500310374844,0.01,True,5,10
2,MarginalizedSubstitutionStrategy,2,0.8781985670419652,0.4344401455694629,0.01,True,5,20
2,MarginalizedSubstitutionStrategy,3,0.9380757420675537,0.37424723659792253,0.01,True,5,30
2,MarginalizedSubstitutionStrategy,4,0.9447287615148413,0.3685858816869797,0.01,True,5,40
2,MarginalizedSubstitutionStrategy,5,0.9503582395087001,0.3634822378235479,0.01,True,5,50
2,MarginalizedSubstitutionStrategy,1,0.7932446264073695,0.5188410041793701,0.001,True,5,10
2,MarginalizedSubstitutionStrategy,2,0.8362333674513818,0.4773556936171747,0.001,True,5,20
2,MarginalizedSubstitutionStrategy,3,0.8710337768679631,0.4421632174522646,0.001,True,5,30
2,MarginalizedSubstitutionStrategy,4,0.8945752302968271,0.4181941440028529,0.001,True,5,40
2,MarginalizedSubstitutionStrategy,5,0.9124872057318322,0.40052215899190596,0.001,True,5,50
2,MarginalizedSubstitutionStrategy,6,0.9227226202661207,0.391149369939681,0.001,True,5,60
2,MarginalizedSubstitutionStrategy,7,0.9319344933469805,0.3815009767009366,0.001,True,5,70
2,MarginalizedSubstitutionStrategy,8,0.9334698055271239,0.37923356890678406,0.001,True,5,80
2,MarginalizedSubstitutionStrategy,9,0.9344933469805528,0.3787150325313691,0.001,True,5,90
2,MarginalizedSubstitutionStrategy,10,0.936028659160696,0.3768614242153783,0.001,True,5,100
2,MarginalizedSubstitutionStrategy,11,0.9385875127942682,0.374208886777201,0.001,True,5,110
2,MarginalizedSubstitutionStrategy,12,0.9385875127942682,0.3746434690490846,0.001,True,5,120
2,MarginalizedSubstitutionStrategy,13,0.9390992835209826,0.37444323012905734,0.001,True,5,130
2,MarginalizedSubstitutionStrategy,14,0.9396110542476971,0.37362710314412273,0.001,True,5,140
2,MarginalizedSubstitutionStrategy,15,0.9390992835209826,0.3741246663754986,0.001,True,5,150
2,MarginalizedSubstitutionStrategy,16,0.9406345957011258,0.3726620827951739,0.001,True,5,160
2,MarginalizedSubstitutionStrategy,17,0.9411463664278403,0.3713351372749575,0.001,True,5,170
2,MarginalizedSubstitutionStrategy,18,0.9416581371545547,0.371368533180606,0.001,True,5,180
2,MarginalizedSubstitutionStrategy,19,0.9426816786079836,0.3710475612071253,0.001,True,5,190
2,MarginalizedSubstitutionStrategy,20,0.9437052200614124,0.37000373486549626,0.001,True,5,200
2,MarginalizedSubstitutionStrategy,21,0.9503582395087001,0.36319723436909335,0.001,True,5,210
2,AlternativeValueStrategy,1,0.8152507676560901,0.497943046592897,0.1,True,5,10
2,AlternativeValueStrategy,2,0.8889457523029682,0.42552547589425116,0.1,True,5,20
2,AlternativeValueStrategy,3,0.8904810644831116,0.4235958245492751,0.1,True,5,30
2,AlternativeValueStrategy,4,0.9749232343909928,0.3387774584754821,0.1,True,5,40
2,AlternativeValueStrategy,1,0.7502558853633572,0.563299959705722,0.01,True,5,10
2,AlternativeValueStrategy,2,0.8858751279426816,0.4266355403008,0.01,True,5,20
2,AlternativeValueStrategy,3,0.9303991811668373,0.38269409633451895,0.01,True,5,30
2,AlternativeValueStrategy,4,0.9559877175025588,0.35705378747755484,0.01,True,5,40
2,AlternativeValueStrategy,1,0.8306038894575231,0.4826452703245224,0.001,True,5,10
2,AlternativeValueStrategy,2,0.8735926305015353,0.43953113402089766,0.001,True,5,20
2,AlternativeValueStrategy,3,0.9129989764585466,0.3987328294784792,0.001,True,5,30
2,AlternativeValueStrategy,4,0.9242579324462641,0.38844752119433495,0.001,True,5,40
2,AlternativeValueStrategy,5,0.9334698055271239,0.3796758815165489,0.001,True,5,50
2,AlternativeValueStrategy,6,0.9339815762538383,0.37872664582344795,0.001,True,5,60
2,AlternativeValueStrategy,7,0.936028659160696,0.3771553260664786,0.001,True,5,70
2,AlternativeValueStrategy,8,0.9365404298874105,0.3766517725683028,0.001,True,5,80
2,AlternativeValueStrategy,9,0.9355168884339816,0.3783767338721983,0.001,True,5,90
2,AlternativeValueStrategy,10,0.9355168884339816,0.37854874710882863,0.001,True,5,100
2,AlternativeValueStrategy,11,0.9390992835209826,0.374554225514012,0.001,True,5,110
2,AlternativeValueStrategy,12,0.9437052200614124,0.3691566769153841,0.001,True,5,120
2,AlternativeValueStrategy,13,0.9457523029682702,0.36802336285191195,0.001,True,5,130
2,AlternativeValueStrategy,14,0.9457523029682702,0.36814876429496274,0.001,True,5,140
2,AlternativeValueStrategy,15,0.9518935516888434,0.36170819786287123,0.001,True,5,150
3,SubstitutionStrategy,1,0.7231320368474923,0.5902008587314237,0.1,True,5,15
3,SubstitutionStrategy,2,0.887410440122825,0.4272803635366501,0.1,True,5,30
3,SubstitutionStrategy,3,0.887410440122825,0.4268129996715053,0.1,True,5,45
3,SubstitutionStrategy,4,0.8879222108495394,0.4258684669771502,0.1,True,5,60
3,SubstitutionStrategy,5,0.8889457523029682,0.42441571143365675,0.1,True,5,75
3,SubstitutionStrategy,6,0.8955987717502559,0.419197468988357,0.1,True,5,90
3,SubstitutionStrategy,7,0.9114636642784033,0.40195159277608317,0.1,True,5,105
3,SubstitutionStrategy,8,0.9672466734902764,0.3464095179111727,0.1,True,5,120
3,SubstitutionStrategy,1,0.6049129989764586,0.7061986346398631,0.01,True,5,15
3,SubstitutionStrategy,2,0.6166837256908905,0.696239088812182,0.01,True,5,30
3,SubstitutionStrategy,3,0.9278403275332651,0.38573636739484723,0.01,True,5,45
3,SubstitutionStrategy,4,0.9375639713408394,0.37620554335655704,0.01,True,5,60
3,SubstitutionStrategy,5,0.9564994882292733,0.35672913828203756,0.01,True,5,75
3,SubstitutionStrategy,1,0.72517911975435,0.5885691854261583,0.001,True,5,15
3,SubstitutionStrategy,2,0.8623336745138178,0.45046048395095334,0.001,True,5,30
3,SubstitutionStrategy,3,0.8781985670419652,0.4359442255189342,0.001,True,5,45
3,SubstitutionStrategy,4,0.8976458546571137,0.41455248094374136,0.001,True,5,60
3,SubstitutionStrategy,5,0.9355168884339816,0.37952576241185587,0.001,True,5,75
3,SubstitutionStrategy,6,0.9406345957011258,0.3729457451451209,0.001,True,5,90
3,SubstitutionStrategy,7,0.9447287615148413,0.3690317600004135,0.001,True,5,105
3,SubstitutionStrategy,8,0.9503582395087001,0.363515495292602,0.001,True,5,120
3,MarginalizedSubstitutionStrategy,1,0.8961105424769703,0.4173453661703294,0.1,True,5,15
3,MarginalizedSubstitutionStrategy,2,0.9027635619242579,0.41124811864668326,0.1,True,5,30
3,MarginalizedSubstitutionStrategy,3,0.9032753326509724,0.4120817203675547,0.1,True,5,45
3,MarginalizedSubstitutionStrategy,4,0.9247697031729785,0.38883944192240316,0.1,True,5,60
3,MarginalizedSubstitutionStrategy,5,0.9232343909928352,0.3902007898976726,0.1,True,5,75
3,MarginalizedSubstitutionStrategy,6,0.9288638689866939,0.38329891235597674,0.1,True,5,90
3,MarginalizedSubstitutionStrategy,7,0.9288638689866939,0.38333031054466,0.1,True,5,105
3,MarginalizedSubstitutionStrategy,8,0.9298874104401228,0.38407447934150696,0.1,True,5,120
3,MarginalizedSubstitutionStrategy,9,0.9309109518935517,0.3835301841458967,0.1,True,5,135
3,MarginalizedSubstitutionStrategy,10,0.9309109518935517,0.38264030602670485,0.1,True,5,150
3,MarginalizedSubstitutionStrategy,11,0.9309109518935517,0.382194314272173,0.1,True,5,165
3,MarginalizedSubstitutionStrategy,12,0.9309109518935517,0.38194333064940666,0.1,True,5,180
3,MarginalizedSubstitutionStrategy,13,0.9483111566018424,0.3659821729506216,0.1,True,5,195
3,MarginalizedSubstitutionStrategy,14,0.9477993858751279,0.36445964824768806,0.1,True,5,210
3,MarginalizedSubstitutionStrategy,15,0.9570112589559877,0.35693460126076976,0.1,True,5,225
3,MarginalizedSubstitutionStrategy,1,0.804503582395087,0.5091585584225193,0.01,True,5,15
3,MarginalizedSubstitutionStrategy,2,0.8116683725690891,0.5014576392789041,0.01,True,5,30
3,MarginalizedSubstitutionStrategy,3,0.8065506653019447,0.5061142684951905,0.01,True,5,45
3,MarginalizedSubstitutionStrategy,4,0.8137154554759468,0.49948823740405424,0.01,True,5,60
3,MarginalizedSubstitutionStrategy,5,0.8208802456499488,0.4905470157823255,0.01,True,5,75
3,MarginalizedSubstitutionStrategy,6,0.8244626407369499,0.4901454294881513,0.01,True,5,90
3,MarginalizedSubstitutionStrategy,7,0.823439099283521,0.4910674998837133,0.01,True,5,105
3,MarginalizedSubstitutionStrategy,8,0.8249744114636642,0.4883380195786876,0.01,True,5,120
3,MarginalizedSubstitutionStrategy,9,0.8398157625383829,0.4727885559681923,0.01,True,5,135
3,MarginalizedSubstitutionStrategy,10,0.8955987717502559,0.4182912140123306,0.01,True,5,150
3,MarginalizedSubstitutionStrategy,11,0.9181166837256909,0.3948043373323256,0.01,True,5,165
3,MarginalizedSubstitutionStrategy,12,0.9355168884339816,0.3781911413515768,0.01,True,5,180
3,MarginalizedSubstitutionStrategy,13,0.9375639713408394,0.37521055725313,0.01,True,5,195
3,MarginalizedSubstitutionStrategy,14,0.9631525076765609,0.3506657192783971,0.01,True,5,210
3,MarginalizedSubstitutionStrategy,1,0.8075742067553736,0.5080320758204306,0.001,True,5,15
3,MarginalizedSubstitutionStrategy,2,0.8674513817809621,0.44564490549026,0.001,True,5,30
3,MarginalizedSubstitutionStrategy,3,0.8915046059365405,0.4214535605522894,0.001,True,5,45
3,MarginalizedSubstitutionStrategy,4,0.8925281473899693,0.42090893464703716,0.001,True,5,60
3,MarginalizedSubstitutionStrategy,5,0.8920163766632548,0.4220988279388797,0.001,True,5,75
3,MarginalizedSubstitutionStrategy,6,0.8976458546571137,0.41468028483852265,0.001,True,5,90
3,MarginalizedSubstitutionStrategy,7,0.9002047082906858,0.4133318902984742,0.001,True,5,105
3,MarginalizedSubstitutionStrategy,8,0.9089048106448311,0.4037515155730709,0.001,True,5,120
3,MarginalizedSubstitutionStrategy,9,0.9283520982599796,0.38472094651191463,0.001,True,5,135
3,MarginalizedSubstitutionStrategy,10,0.9477993858751279,0.36645197387664546,0.001,True,5,150
3,MarginalizedSubstitutionStrategy,11,0.9508700102354145,0.36302139201471884,0.001,True,5,165
3,AlternativeValueStrategy,1,0.8817809621289662,0.43020062677321896,0.1,True,5,15
3,AlternativeValueStrategy,2,0.9002047082906858,0.41380593084519907,0.1,True,5,30
3,AlternativeValueStrategy,3,0.9114636642784033,0.40223869200675716,0.1,True,5,45
3,AlternativeValueStrategy,4,0.951381780962129,0.3615894250331386,0.1,True,5,60
3,AlternativeValueStrategy,1,0.7625383828045036,0.5495681358921912,0.01,True,5,15
3,AlternativeValueStrategy,2,0.8659160696008188,0.44657591850526873,0.01,True,5,30
3,AlternativeValueStrategy,3,0.9196519959058342,0.3956277995340286,0.01,True,5,45
3,AlternativeValueStrategy,4,0.9580348004094166,0.35503718353086905,0.01,True,5,60
3,AlternativeValueStrategy,1,0.8715455475946776,0.44067918100664694,0.001,True,5,15
3,AlternativeValueStrategy,2,0.8935516888433982,0.4194189973415867,0.001,True,5,30
3,AlternativeValueStrategy,3,0.9186284544524054,0.39513191869181974,0.001,True,5,45
3,AlternativeValueStrategy,4,0.9273285568065507,0.38622750678370077,0.001,True,5,60
3,AlternativeValueStrategy,5,0.9396110542476971,0.3736265984273726,0.001,True,5,75
3,AlternativeValueStrategy,6,0.9431934493346981,0.37142056419003394,0.001,True,5,90
3,AlternativeValueStrategy,7,0.9503582395087001,0.36214401548908604,0.001,True,5,105
4,SubstitutionStrategy,1,0.7942681678607983,0.5175303413021949,0.1,True,5,20
4,SubstitutionStrategy,2,0.9687819856704196,0.3440077160635302,0.1,True,5,40
4,SubstitutionStrategy,1,0.9053224155578301,0.4076117200236167,0.01,True,5,20
4,SubstitutionStrategy,2,0.9263050153531218,0.38711585056397224,0.01,True,5,40
4,SubstitutionStrategy,3,0.9375639713408394,0.37485113739967346,0.01,True,5,60
4,SubstitutionStrategy,4,0.9350051177072671,0.38034475714929644,0.01,True,5,80
4,SubstitutionStrategy,5,0.9421699078812692,0.37110667651699436,0.01,True,5,100
4,SubstitutionStrategy,6,0.9426816786079836,0.37060283268651656,0.01,True,5,120
4,SubstitutionStrategy,7,0.9431934493346981,0.3704921430157077,0.01,True,5,140
4,SubstitutionStrategy,8,0.9431934493346981,0.3696519261406314,0.01,True,5,160
4,SubstitutionStrategy,9,0.9437052200614124,0.36959792817792586,0.01,True,5,180
4,SubstitutionStrategy,10,0.9431934493346981,0.370513875638285,0.01,True,5,200
4,SubstitutionStrategy,11,0.9437052200614124,0.3687053092064396,0.01,True,5,220
4,SubstitutionStrategy,12,0.9442169907881269,0.36998739934736685,0.01,True,5,240
4,SubstitutionStrategy,13,0.9457523029682702,0.3678786773835459,0.01,True,5,260
4,SubstitutionStrategy,14,0.9580348004094166,0.35503034918538984,0.01,True,5,280
4,SubstitutionStrategy,1,0.8674513817809621,0.4465265735503166,0.001,True,5,20
4,SubstitutionStrategy,2,0.8843398157625384,0.42899545931047006,0.001,True,5,40
4,SubstitutionStrategy,3,0.9201637666325486,0.3941095038767784,0.001,True,5,60
4,SubstitutionStrategy,4,0.9237461617195496,0.3901614729435213,0.001,True,5,80
4,SubstitutionStrategy,5,0.9278403275332651,0.38505857509951436,0.001,True,5,100
4,SubstitutionStrategy,6,0.9334698055271239,0.3801322588997503,0.001,True,5,120
4,SubstitutionStrategy,7,0.9385875127942682,0.3746631549250695,0.001,True,5,140
4,SubstitutionStrategy,8,0.9431934493346981,0.3701149946258914,0.001,True,5,160
4,SubstitutionStrategy,9,0.9508700102354145,0.36204271258846404,0.001,True,5,180
4,MarginalizedSubstitutionStrategy,1,0.8853633572159673,0.4283792011199459,0.1,True,5,20
4,MarginalizedSubstitutionStrategy,2,0.8991811668372569,0.4143350480064269,0.1,True,5,40
4,MarginalizedSubstitutionStrategy,3,0.8971340839303992,0.4158986210823059,0.1,True,5,60
4,MarginalizedSubstitutionStrategy,4,0.8971340839303992,0.41635371312018365,0.1,True,5,80
4,MarginalizedSubstitutionStrategy,5,0.8971340839303992,0.4146517717069195,0.1,True,5,100
4,MarginalizedSubstitutionStrategy,6,0.906345957011259,0.407421802320788,0.1,True,5,120
4,MarginalizedSubstitutionStrategy,7,0.95496417604913,0.35761658703127214,0.1,True,5,140
4,MarginalizedSubstitutionStrategy,1,0.9068577277379734,0.40519185604587676,0.01,True,5,20
4,MarginalizedSubstitutionStrategy,2,0.9283520982599796,0.3842084023260301,0.01,True,5,40
4,MarginalizedSubstitutionStrategy,3,0.932446264073695,0.3796518300810168,0.01,True,5,60
4,MarginalizedSubstitutionStrategy,4,0.9329580348004094,0.3810662396492497,0.01,True,5,80
4,MarginalizedSubstitutionStrategy,5,0.9411463664278403,0.3725879721103176,0.01,True,5,100
4,MarginalizedSubstitutionStrategy,6,0.9421699078812692,0.37080641042801643,0.01,True,5,120
4,MarginalizedSubstitutionStrategy,7,0.9426816786079836,0.3700985437439334,0.01,True,5,140
4,MarginalizedSubstitutionStrategy,8,0.9559877175025588,0.35660852059241266,0.01,True,5,160
4,MarginalizedSubstitutionStrategy,1,0.8741044012282497,0.44082117945917193,0.001,True,5,20
4,MarginalizedSubstitutionStrategy,2,0.9078812691914022,0.40524992731309706,0.001,True,5,40
4,MarginalizedSubstitutionStrategy,3,0.913510747185261,0.39928454833645977,0.001,True,5,60
4,MarginalizedSubstitutionStrategy,4,0.9165813715455476,0.39644536664409025,0.001,True,5,80
4,MarginalizedSubstitutionStrategy,5,0.9339815762538383,0.37967677366349006,0.001,True,5,100
4,MarginalizedSubstitutionStrategy,6,0.9462640736949847,0.3675150621321894,0.001,True,5,120
4,MarginalizedSubstitutionStrategy,7,0.9493346980552713,0.3631610937656895,0.001,True,5,140
4,MarginalizedSubstitutionStrategy,8,0.9508700102354145,0.3620989303435049,0.001,True,5,160
4,AlternativeValueStrategy,1,0.8403275332650972,0.47182917787182715,0.1,True,5,20
4,AlternativeValueStrategy,2,0.920675537359263,0.3921801745891571,0.1,True,5,40
4,AlternativeValueStrategy,3,0.920675537359263,0.392276216899195,0.1,True,5,60
4,AlternativeValueStrategy,4,0.9216990788126919,0.39152391206833626,0.1,True,5,80
4,AlternativeValueStrategy,5,0.9570112589559877,0.35693465894268406,0.1,True,5,100
4,AlternativeValueStrategy,1,0.8403275332650972,0.47325020451699534,0.01,True,5,20
4,AlternativeValueStrategy,2,0.8996929375639714,0.41247012538294636,0.01,True,5,40
4,AlternativeValueStrategy,3,0.9145342886386899,0.3978596531575726,0.01,True,5,60
4,AlternativeValueStrategy,4,0.913510747185261,0.398311641908461,0.01,True,5,80
4,AlternativeValueStrategy,5,0.9257932446264073,0.38723639038301283,0.01,True,5,100
4,AlternativeValueStrategy,6,0.9293756397134084,0.3837076396711411,0.01,True,5,120
4,AlternativeValueStrategy,7,0.9544524053224156,0.3582649384775469,0.01,True,5,140
4,AlternativeValueStrategy,1,0.601842374616172,0.7106497441568682,0.001,True,5,20
4,AlternativeValueStrategy,2,0.8817809621289662,0.4315372320913499,0.001,True,5,40
4,AlternativeValueStrategy,3,0.8966223132036848,0.41641531067509807,0.001,True,5,60
4,AlternativeValueStrategy,4,0.90992835209826,0.4024165599576889,0.001,True,5,80
4,AlternativeValueStrategy,5,0.9201637666325486,0.3935557786495455,0.001,True,5,100
4,AlternativeValueStrategy,6,0.925281473899693,0.38704136110121207,0.001,True,5,120
4,AlternativeValueStrategy,7,0.9257932446264073,0.3876205730822779,0.001,True,5,140
4,AlternativeValueStrategy,8,0.9273285568065507,0.3856354269289201,0.001,True,5,160
4,AlternativeValueStrategy,9,0.9263050153531218,0.3856374236845201,0.001,True,5,180
4,AlternativeValueStrategy,10,0.9268167860798362,0.3854833850937505,0.001,True,5,200
4,AlternativeValueStrategy,11,0.9273285568065507,0.3856304182160285,0.001,True,5,220
4,AlternativeValueStrategy,12,0.9278403275332651,0.38608034387711554,0.001,True,5,240
4,AlternativeValueStrategy,13,0.9309109518935517,0.38324125351444366,0.001,True,5,260
4,AlternativeValueStrategy,14,0.9303991811668373,0.38293413289131656,0.001,True,5,280
4,AlternativeValueStrategy,15,0.9411463664278403,0.37220457388508704,0.001,True,5,300
4,AlternativeValueStrategy,16,0.9416581371545547,0.372055632452811,0.001,True,5,320
4,AlternativeValueStrategy,17,0.9421699078812692,0.3702375658096806,0.001,True,5,340
4,AlternativeValueStrategy,18,0.9406345957011258,0.3723592883156192,0.001,True,5,360
4,AlternativeValueStrategy,19,0.9452405322415558,0.369417276113264,0.001,True,5,380
4,AlternativeValueStrategy,20,0.9447287615148413,0.3681160528813639,0.001,True,5,400
4,AlternativeValueStrategy,21,0.9452405322415558,0.36808224455002814,0.001,True,5,420
4,AlternativeValueStrategy,22,0.9534288638689867,0.35915719789843403,0.001,True,5,440
5,SubstitutionStrategy,1,0.77482088024565,0.5396448344953598,0.1,True,5,25
5,SubstitutionStrategy,2,0.8413510747185261,0.47178951674892056,0.1,True,5,50
5,SubstitutionStrategy,3,0.9242579324462641,0.38890487820871417,0.1,True,5,75
5,SubstitutionStrategy,4,0.9288638689866939,0.38465642640667574,0.1,True,5,100
5,SubstitutionStrategy,5,0.9375639713408394,0.3765409396540734,0.1,True,5,125
5,SubstitutionStrategy,6,0.9365404298874105,0.37665252724001486,0.1,True,5,150
5,SubstitutionStrategy,7,0.9365404298874105,0.37709613192465996,0.1,True,5,175
5,SubstitutionStrategy,8,0.9385875127942682,0.37463838438833913,0.1,True,5,200
5,SubstitutionStrategy,9,0.9370522006141249,0.3762607314894276,0.1,True,5,225
5,SubstitutionStrategy,10,0.9524053224155579,0.36058148261039485,0.1,True,5,250
5,SubstitutionStrategy,1,0.6141248720573184,0.699597793240701,0.01,True,5,25
5,SubstitutionStrategy,2,0.8955987717502559,0.417714717888063,0.01,True,5,50
5,SubstitutionStrategy,3,0.901740020470829,0.4108980817179526,0.01,True,5,75
5,SubstitutionStrategy,4,0.9186284544524054,0.39561602857805067,0.01,True,5,100
5,SubstitutionStrategy,5,0.9129989764585466,0.3998245971818124,0.01,True,5,125
5,SubstitutionStrategy,6,0.9129989764585466,0.3998824252236274,0.01,True,5,150
5,SubstitutionStrategy,7,0.9293756397134084,0.38416098010155464,0.01,True,5,175
5,SubstitutionStrategy,8,0.9575230296827022,0.3555456803691003,0.01,True,5,200
5,SubstitutionStrategy,1,0.8735926305015353,0.43828588051180684,0.001,True,5,25
5,SubstitutionStrategy,2,0.8848515864892528,0.42923689369232426,0.001,True,5,50
5,SubstitutionStrategy,3,0.8925281473899693,0.42078117016823063,0.001,True,5,75
5,SubstitutionStrategy,4,0.8920163766632548,0.42035925292199655,0.001,True,5,100
5,SubstitutionStrategy,5,0.8925281473899693,0.42017532164050686,0.001,True,5,125
5,SubstitutionStrategy,6,0.9032753326509724,0.41167776142397233,0.001,True,5,150
5,SubstitutionStrategy,7,0.9032753326509724,0.4120182846823046,0.001,True,5,175
5,SubstitutionStrategy,8,0.9053224155578301,0.40851667138838,0.001,True,5,200
5,SubstitutionStrategy,9,0.9298874104401228,0.3826959825331165,0.001,True,5,225
5,SubstitutionStrategy,10,0.932446264073695,0.3807548467190035,0.001,True,5,250
5,SubstitutionStrategy,11,0.9503582395087001,0.36304235458374023,0.001,True,5,275
5,MarginalizedSubstitutionStrategy,1,0.7952917093142272,0.5183230782708814,0.1,True,5,25
5,MarginalizedSubstitutionStrategy,2,0.9303991811668373,0.3826659494830716,0.1,True,5,50
5,MarginalizedSubstitutionStrategy,3,0.936028659160696,0.37888867432071316,0.1,True,5,75
5,MarginalizedSubstitutionStrategy,4,0.9390992835209826,0.3738055209959707,0.1,True,5,100
5,MarginalizedSubstitutionStrategy,5,0.9524053224155579,0.36062900481685517,0.1,True,5,125
5,MarginalizedSubstitutionStrategy,1,0.7743091095189355,0.5401518517924894,0.01,True,5,25
5,MarginalizedSubstitutionStrategy,2,0.8582395087001023,0.45725483855893534,0.01,True,5,50
5,MarginalizedSubstitutionStrategy,3,0.9114636642784033,0.40133275428125936,0.01,True,5,75
5,MarginalizedSubstitutionStrategy,4,0.9437052200614124,0.3698213283092745,0.01,True,5,100
5,MarginalizedSubstitutionStrategy,5,0.9605936540429887,0.3538915514945984,0.01,True,5,125
5,MarginalizedSubstitutionStrategy,1,0.8654042988741044,0.4501964565246336,0.001,True,5,25
5,MarginalizedSubstitutionStrategy,2,0.9002047082906858,0.41323695259709514,0.001,True,5,50
5,MarginalizedSubstitutionStrategy,3,0.906345957011259,0.40577848399839095,0.001,True,5,75
5,MarginalizedSubstitutionStrategy,4,0.9314227226202662,0.38214017883423834,0.001,True,5,100
5,MarginalizedSubstitutionStrategy,5,0.9385875127942682,0.3748024211775872,0.001,True,5,125
5,MarginalizedSubstitutionStrategy,6,0.9508700102354145,0.3623040078147765,0.001,True,5,150
5,AlternativeValueStrategy,1,0.868474923234391,0.44469535639209135,0.1,True,5,25
5,AlternativeValueStrategy,2,0.9411463664278403,0.3712254579990141,0.1,True,5,50
5,AlternativeValueStrategy,3,0.9605936540429887,0.3529644118201348,0.1,True,5,75
5,AlternativeValueStrategy,1,0.8367451381780963,0.475225341896857,0.01,True,5,25
5,AlternativeValueStrategy,2,0.8597748208802457,0.4526080441090368,0.01,True,5,50
5,AlternativeValueStrategy,3,0.9155578300921188,0.39684427265198,0.01,True,5,75
5,AlternativeValueStrategy,4,0.9237461617195496,0.3892520473849389,0.01,True,5,100
5,AlternativeValueStrategy,5,0.9257932446264073,0.38838396437706485,0.01,True,5,125
5,AlternativeValueStrategy,6,0.9570112589559877,0.3556004579990141,0.01,True,5,150
5,AlternativeValueStrategy,1,0.8797338792221086,0.432915352044567,0.001,True,5,25
5,AlternativeValueStrategy,2,0.9196519959058342,0.3939623380860975,0.001,True,5,50
5,AlternativeValueStrategy,3,0.9370522006141249,0.3752682593560988,0.001,True,5,75
5,AlternativeValueStrategy,4,0.946775844421699,0.3665705717379047,0.001,True,5,100
5,AlternativeValueStrategy,5,0.9508700102354145,0.362051728271669,0.001,True,5,125
