ce_num,strategy,epoch,accuracy,average_loss,lr,from_ground_zero,num_of_instances_per_epoch,num_of_artificial_instances
1,SubstitutionStrategy,1,0.7374616171954964,0.5744078563105676,0.1,True,5,5
1,SubstitutionStrategy,2,0.8464687819856704,0.4656629033627049,0.1,True,5,10
1,SubstitutionStrategy,3,0.9181166837256909,0.3948997951322986,0.1,True,5,15
1,SubstitutionStrategy,4,0.9283520982599796,0.3855332818723494,0.1,True,5,20
1,SubstitutionStrategy,5,0.9365404298874105,0.3765452629135501,0.1,True,5,25
1,SubstitutionStrategy,6,0.9636642784032753,0.35012905347731804,0.1,True,5,30
1,SubstitutionStrategy,1,0.812691914022518,0.5010819175551015,0.01,True,5,5
1,SubstitutionStrategy,2,0.842374616171955,0.47210032228500615,0.01,True,5,10
1,SubstitutionStrategy,3,0.8480040941658137,0.46594059467315674,0.01,True,5,15
1,SubstitutionStrategy,4,0.8986693961105425,0.41394809369117985,0.01,True,5,20
1,SubstitutionStrategy,5,0.9027635619242579,0.4120399336661062,0.01,True,5,25
1,SubstitutionStrategy,6,0.9319344933469805,0.3806733537104822,0.01,True,5,30
1,SubstitutionStrategy,7,0.9370522006141249,0.3774840312619363,0.01,True,5,35
1,SubstitutionStrategy,8,0.9365404298874105,0.3764996047942869,0.01,True,5,40
1,SubstitutionStrategy,9,0.9416581371545547,0.3727741818274221,0.01,True,5,45
1,SubstitutionStrategy,10,0.9575230296827022,0.3553796612447308,0.01,True,5,50
1,SubstitutionStrategy,1,0.6008188331627431,0.712383960523913,0.001,True,5,5
1,SubstitutionStrategy,2,0.7246673490276356,0.5881360096316184,0.001,True,5,10
1,SubstitutionStrategy,3,0.7860798362333674,0.529210191580557,0.001,True,5,15
1,SubstitutionStrategy,4,0.8070624360286591,0.5064329447284821,0.001,True,5,20
1,SubstitutionStrategy,5,0.8418628454452405,0.47183297141905756,0.001,True,5,25
1,SubstitutionStrategy,6,0.8485158648925282,0.46537820081556996,0.001,True,5,30
1,SubstitutionStrategy,7,0.8572159672466735,0.4551046384919074,0.001,True,5,35
1,SubstitutionStrategy,8,0.872057318321392,0.4425016708912388,0.001,True,5,40
1,SubstitutionStrategy,9,0.8741044012282497,0.43903857661831763,0.001,True,5,45
1,SubstitutionStrategy,10,0.8802456499488229,0.4314539778617121,0.001,True,5,50
1,SubstitutionStrategy,11,0.8925281473899693,0.42028568925396087,0.001,True,5,55
1,SubstitutionStrategy,12,0.9042988741044012,0.4094120148689516,0.001,True,5,60
1,SubstitutionStrategy,13,0.9094165813715456,0.4039819759707297,0.001,True,5,65
1,SubstitutionStrategy,14,0.9227226202661207,0.39041249982772336,0.001,True,5,70
1,SubstitutionStrategy,15,0.9268167860798362,0.3859140084635827,0.001,True,5,75
1,SubstitutionStrategy,16,0.9288638689866939,0.38378958836678534,0.001,True,5,80
1,SubstitutionStrategy,17,0.936028659160696,0.3770412158581518,0.001,True,5,85
1,SubstitutionStrategy,18,0.9390992835209826,0.3734209047209832,0.001,True,5,90
1,SubstitutionStrategy,19,0.9401228249744115,0.37445263901064474,0.001,True,5,95
1,SubstitutionStrategy,20,0.9431934493346981,0.3702395414152453,0.001,True,5,100
1,SubstitutionStrategy,21,0.9442169907881269,0.3690299247541735,0.001,True,5,105
1,SubstitutionStrategy,22,0.9462640736949847,0.3671057791479172,0.001,True,5,110
1,SubstitutionStrategy,23,0.9483111566018424,0.3652174626627276,0.001,True,5,115
1,SubstitutionStrategy,24,0.9488229273285568,0.36588858404467184,0.001,True,5,120
1,SubstitutionStrategy,25,0.9503582395087001,0.36215606331825256,0.001,True,5,125
1,MarginalizedSubstitutionStrategy,1,0.8193449334698055,0.4947445200335595,0.1,True,5,5
1,MarginalizedSubstitutionStrategy,2,0.8858751279426816,0.4279298830416895,0.1,True,5,10
1,MarginalizedSubstitutionStrategy,3,0.9073694984646878,0.40630670132175567,0.1,True,5,15
1,MarginalizedSubstitutionStrategy,4,0.925281473899693,0.3877496527087304,0.1,True,5,20
1,MarginalizedSubstitutionStrategy,5,0.9196519959058342,0.3941737557611158,0.1,True,5,25
1,MarginalizedSubstitutionStrategy,6,0.9160696008188332,0.3978328022264665,0.1,True,5,30
1,MarginalizedSubstitutionStrategy,7,0.9155578300921188,0.39776127376864034,0.1,True,5,35
1,MarginalizedSubstitutionStrategy,8,0.9298874104401228,0.38364474619588546,0.1,True,5,40
1,MarginalizedSubstitutionStrategy,9,0.9626407369498464,0.3513906578863821,0.1,True,5,45
1,MarginalizedSubstitutionStrategy,1,0.7942681678607983,0.518854183535422,0.01,True,5,5
1,MarginalizedSubstitutionStrategy,2,0.8183213920163767,0.4943999225093472,0.01,True,5,10
1,MarginalizedSubstitutionStrategy,3,0.8822927328556807,0.4300333655649616,0.01,True,5,15
1,MarginalizedSubstitutionStrategy,4,0.8838280450358239,0.4279820563331727,0.01,True,5,20
1,MarginalizedSubstitutionStrategy,5,0.9124872057318322,0.4003408993444135,0.01,True,5,25
1,MarginalizedSubstitutionStrategy,6,0.9303991811668373,0.38289318546172113,0.01,True,5,30
1,MarginalizedSubstitutionStrategy,7,0.9334698055271239,0.38100961042988685,0.01,True,5,35
1,MarginalizedSubstitutionStrategy,8,0.9539406345957011,0.3590704885221297,0.01,True,5,40
1,MarginalizedSubstitutionStrategy,1,0.8219037871033776,0.4906536196508715,0.001,True,5,5
1,MarginalizedSubstitutionStrategy,2,0.8449334698055271,0.4665907102246438,0.001,True,5,10
1,MarginalizedSubstitutionStrategy,3,0.8607983623336745,0.4525559150403546,0.001,True,5,15
1,MarginalizedSubstitutionStrategy,4,0.8669396110542477,0.4464824411176866,0.001,True,5,20
1,MarginalizedSubstitutionStrategy,5,0.8725690890481065,0.4409777262518483,0.001,True,5,25
1,MarginalizedSubstitutionStrategy,6,0.8812691914022518,0.43286575521192244,0.001,True,5,30
1,MarginalizedSubstitutionStrategy,7,0.8822927328556807,0.43036901758563134,0.001,True,5,35
1,MarginalizedSubstitutionStrategy,8,0.8894575230296827,0.42619417271306437,0.001,True,5,40
1,MarginalizedSubstitutionStrategy,9,0.8940634595701126,0.4184859702664037,0.001,True,5,45
1,MarginalizedSubstitutionStrategy,10,0.8961105424769703,0.4166053975782087,0.001,True,5,50
1,MarginalizedSubstitutionStrategy,11,0.9119754350051177,0.4008426502827675,0.001,True,5,55
1,MarginalizedSubstitutionStrategy,12,0.9160696008188332,0.3963608078418239,0.001,True,5,60
1,MarginalizedSubstitutionStrategy,13,0.9232343909928352,0.3897567497145745,0.001,True,5,65
1,MarginalizedSubstitutionStrategy,14,0.9278403275332651,0.3865363232551082,0.001,True,5,70
1,MarginalizedSubstitutionStrategy,15,0.9278403275332651,0.3851795369578946,0.001,True,5,75
1,MarginalizedSubstitutionStrategy,16,0.9309109518935517,0.3821124174902516,0.001,True,5,80
1,MarginalizedSubstitutionStrategy,17,0.9396110542476971,0.3736379752236028,0.001,True,5,85
1,MarginalizedSubstitutionStrategy,18,0.9406345957011258,0.3720399958472098,0.001,True,5,90
1,MarginalizedSubstitutionStrategy,19,0.9447287615148413,0.3686213060732811,0.001,True,5,95
1,MarginalizedSubstitutionStrategy,20,0.9503582395087001,0.36317765808874564,0.001,True,5,100
1,AlternativeValueStrategy,1,0.7604912998976459,0.5518042397114539,0.1,True,5,5
1,AlternativeValueStrategy,2,0.9872057318321392,0.32586255477320764,0.1,True,5,10
1,AlternativeValueStrategy,1,0.9022517911975435,0.41177518329312723,0.01,True,5,5
1,AlternativeValueStrategy,2,0.9319344933469805,0.38219900092770975,0.01,True,5,10
1,AlternativeValueStrategy,3,0.9426816786079836,0.3698530600916955,0.01,True,5,15
1,AlternativeValueStrategy,4,0.9462640736949847,0.3659004194121207,0.01,True,5,20
1,AlternativeValueStrategy,5,0.9503582395087001,0.36406707763671875,0.01,True,5,25
1,AlternativeValueStrategy,1,0.6084953940634595,0.7035171389579773,0.001,True,5,5
1,AlternativeValueStrategy,2,0.8285568065506653,0.484485883866587,0.001,True,5,10
1,AlternativeValueStrategy,3,0.8551688843398157,0.45669673719713766,0.001,True,5,15
1,AlternativeValueStrategy,4,0.8582395087001023,0.45510150251850007,0.001,True,5,20
1,AlternativeValueStrategy,5,0.8746161719549642,0.4381701071416178,0.001,True,5,25
1,AlternativeValueStrategy,6,0.8797338792221086,0.43411301605163083,0.001,True,5,30
1,AlternativeValueStrategy,7,0.887410440122825,0.4259451118207747,0.001,True,5,35
1,AlternativeValueStrategy,8,0.8889457523029682,0.4247842219568068,0.001,True,5,40
1,AlternativeValueStrategy,9,0.9007164790174002,0.41219055748754935,0.001,True,5,45
1,AlternativeValueStrategy,10,0.9073694984646878,0.4049543459569254,0.001,True,5,50
1,AlternativeValueStrategy,11,0.9104401228249744,0.4021087932971216,0.001,True,5,55
1,AlternativeValueStrategy,12,0.9129989764585466,0.3995899558067322,0.001,True,5,60
1,AlternativeValueStrategy,13,0.9165813715455476,0.39588565787961405,0.001,True,5,65
1,AlternativeValueStrategy,14,0.9222108495394064,0.3934544901694021,0.001,True,5,70
1,AlternativeValueStrategy,15,0.9242579324462641,0.3892731032063884,0.001,True,5,75
1,AlternativeValueStrategy,16,0.9344933469805528,0.37833290426961835,0.001,True,5,80
1,AlternativeValueStrategy,17,0.9370522006141249,0.3761771907729487,0.001,True,5,85
1,AlternativeValueStrategy,18,0.9385875127942682,0.37419032954400583,0.001,True,5,90
1,AlternativeValueStrategy,19,0.9442169907881269,0.36952373962248525,0.001,True,5,95
1,AlternativeValueStrategy,20,0.9488229273285568,0.36366503661678684,0.001,True,5,100
1,AlternativeValueStrategy,21,0.9488229273285568,0.36535396787428087,0.001,True,5,105
1,AlternativeValueStrategy,22,0.9498464687819856,0.3630924311376387,0.001,True,5,110
1,AlternativeValueStrategy,23,0.9503582395087001,0.3630424593725512,0.001,True,5,115
2,SubstitutionStrategy,1,0.6361310133060389,0.6769835545170692,0.1,True,5,10
2,SubstitutionStrategy,2,0.9201637666325486,0.39322532857618026,0.1,True,5,20
2,SubstitutionStrategy,3,0.9559877175025588,0.35750977358510416,0.1,True,5,30
2,SubstitutionStrategy,1,0.6028659160696008,0.7117969835958173,0.01,True,5,10
2,SubstitutionStrategy,2,0.8352098259979529,0.47625263852457844,0.01,True,5,20
2,SubstitutionStrategy,3,0.8352098259979529,0.4781321392905328,0.01,True,5,30
2,SubstitutionStrategy,4,0.8362333674513818,0.47762604490403204,0.01,True,5,40
2,SubstitutionStrategy,5,0.8357215967246674,0.47651907801628113,0.01,True,5,50
2,SubstitutionStrategy,6,0.8618219037871033,0.45065605736547903,0.01,True,5,60
2,SubstitutionStrategy,7,0.8899692937563971,0.4242663806484592,0.01,True,5,70
2,SubstitutionStrategy,8,0.8889457523029682,0.42381979573157524,0.01,True,5,80
2,SubstitutionStrategy,9,0.9319344933469805,0.38073466189445987,0.01,True,5,90
2,SubstitutionStrategy,10,0.9452405322415558,0.36723408968217913,0.01,True,5,100
2,SubstitutionStrategy,11,0.9472876151484135,0.36561198869059164,0.01,True,5,110
2,SubstitutionStrategy,12,0.9518935516888434,0.3619194732558343,0.01,True,5,120
2,SubstitutionStrategy,1,0.8162743091095189,0.49739185456306706,0.001,True,5,10
2,SubstitutionStrategy,2,0.8193449334698055,0.49249347275303257,0.001,True,5,20
2,SubstitutionStrategy,3,0.876663254861822,0.4356193571321426,0.001,True,5,30
2,SubstitutionStrategy,4,0.8792221084953941,0.4337956828455771,0.001,True,5,40
2,SubstitutionStrategy,5,0.8817809621289662,0.430065413636546,0.001,True,5,50
2,SubstitutionStrategy,6,0.8925281473899693,0.4201736267535917,0.001,True,5,60
2,SubstitutionStrategy,7,0.8986693961105425,0.4145385632591863,0.001,True,5,70
2,SubstitutionStrategy,8,0.9058341862845445,0.4080626416590906,0.001,True,5,80
2,SubstitutionStrategy,9,0.9124872057318322,0.40004017660694735,0.001,True,5,90
2,SubstitutionStrategy,10,0.9222108495394064,0.39121544168841454,0.001,True,5,100
2,SubstitutionStrategy,11,0.9242579324462641,0.38960562117638126,0.001,True,5,110
2,SubstitutionStrategy,12,0.9309109518935517,0.38174938482622944,0.001,True,5,120
2,SubstitutionStrategy,13,0.9380757420675537,0.37513952389840155,0.001,True,5,130
2,SubstitutionStrategy,14,0.9437052200614124,0.36916878531056063,0.001,True,5,140
2,SubstitutionStrategy,15,0.9447287615148413,0.369031758077683,0.001,True,5,150
2,SubstitutionStrategy,16,0.9472876151484135,0.36607606276389093,0.001,True,5,160
2,SubstitutionStrategy,17,0.9472876151484135,0.36533804670456915,0.001,True,5,170
2,SubstitutionStrategy,18,0.9483111566018424,0.3646208816959012,0.001,True,5,180
2,SubstitutionStrategy,19,0.9483111566018424,0.36492988082670397,0.001,True,5,190
2,SubstitutionStrategy,20,0.9503582395087001,0.36406261594064776,0.001,True,5,200
2,MarginalizedSubstitutionStrategy,1,0.7661207778915046,0.5466296076774597,0.1,True,5,10
2,MarginalizedSubstitutionStrategy,2,0.9539406345957011,0.3585700652291698,0.1,True,5,20
2,MarginalizedSubstitutionStrategy,1,0.7686796315250768,0.543570573291471,0.01,True,5,10
2,MarginalizedSubstitutionStrategy,2,0.8362333674513818,0.4749407047225583,0.01,True,5,20
2,MarginalizedSubstitutionStrategy,3,0.8751279426816786,0.43860767733666206,0.01,True,5,30
2,MarginalizedSubstitutionStrategy,4,0.8694984646878199,0.4449183373681961,0.01,True,5,40
2,MarginalizedSubstitutionStrategy,5,0.9201637666325486,0.39373305439949036,0.01,True,5,50
2,MarginalizedSubstitutionStrategy,6,0.9232343909928352,0.3896598921668145,0.01,True,5,60
2,MarginalizedSubstitutionStrategy,7,0.9268167860798362,0.3857832166456407,0.01,True,5,70
2,MarginalizedSubstitutionStrategy,8,0.9263050153531218,0.3868894663549239,0.01,True,5,80
2,MarginalizedSubstitutionStrategy,9,0.9339815762538383,0.37836019742873406,0.01,True,5,90
2,MarginalizedSubstitutionStrategy,10,0.9365404298874105,0.37754123922317256,0.01,True,5,100
2,MarginalizedSubstitutionStrategy,11,0.9411463664278403,0.37269692363277557,0.01,True,5,110
2,MarginalizedSubstitutionStrategy,12,0.9437052200614124,0.36915709991608897,0.01,True,5,120
2,MarginalizedSubstitutionStrategy,13,0.9503582395087001,0.362148045532165,0.01,True,5,130
2,MarginalizedSubstitutionStrategy,1,0.7016376663254862,0.612606571566674,0.001,True,5,10
2,MarginalizedSubstitutionStrategy,2,0.7998976458546572,0.5129087125101397,0.001,True,5,20
2,MarginalizedSubstitutionStrategy,3,0.8244626407369499,0.48987699804767487,0.001,True,5,30
2,MarginalizedSubstitutionStrategy,4,0.857727737973388,0.4551579327352585,0.001,True,5,40
2,MarginalizedSubstitutionStrategy,5,0.890992835209826,0.42123652850427934,0.001,True,5,50
2,MarginalizedSubstitutionStrategy,6,0.9027635619242579,0.41085764477329867,0.001,True,5,60
2,MarginalizedSubstitutionStrategy,7,0.90992835209826,0.4033412443053338,0.001,True,5,70
2,MarginalizedSubstitutionStrategy,8,0.9114636642784033,0.4016649415416102,0.001,True,5,80
2,MarginalizedSubstitutionStrategy,9,0.9227226202661207,0.39038435393764126,0.001,True,5,90
2,MarginalizedSubstitutionStrategy,10,0.9273285568065507,0.38528922104066415,0.001,True,5,100
2,MarginalizedSubstitutionStrategy,11,0.9365404298874105,0.3769765082866915,0.001,True,5,110
2,MarginalizedSubstitutionStrategy,12,0.9426816786079836,0.3696144405872591,0.001,True,5,120
2,MarginalizedSubstitutionStrategy,13,0.9498464687819856,0.3631019765330899,0.001,True,5,130
2,MarginalizedSubstitutionStrategy,14,0.9503582395087001,0.363425402872024,0.001,True,5,140
2,AlternativeValueStrategy,1,0.8500511770726714,0.46183276272589163,0.1,True,5,10
2,AlternativeValueStrategy,2,0.9754350051177073,0.33748243989483,0.1,True,5,20
2,AlternativeValueStrategy,1,0.8781985670419652,0.43590507488096913,0.01,True,5,10
2,AlternativeValueStrategy,2,0.9145342886386899,0.3982787622559455,0.01,True,5,20
2,AlternativeValueStrategy,3,0.9196519959058342,0.3947555557374031,0.01,True,5,30
2,AlternativeValueStrategy,4,0.9211873080859775,0.3935128488848286,0.01,True,5,40
2,AlternativeValueStrategy,5,0.9431934493346981,0.3699296145669876,0.01,True,5,50
2,AlternativeValueStrategy,6,0.9401228249744115,0.3735559861506185,0.01,True,5,60
2,AlternativeValueStrategy,7,0.9401228249744115,0.37306119838068563,0.01,True,5,70
2,AlternativeValueStrategy,8,0.9503582395087001,0.36199903584295706,0.01,True,5,80
2,AlternativeValueStrategy,1,0.7384851586489253,0.57431330796211,0.001,True,5,10
2,AlternativeValueStrategy,2,0.8879222108495394,0.42571364102825043,0.001,True,5,20
2,AlternativeValueStrategy,3,0.9196519959058342,0.3931790417240512,0.001,True,5,30
2,AlternativeValueStrategy,4,0.9298874104401228,0.3832237547443759,0.001,True,5,40
2,AlternativeValueStrategy,5,0.9375639713408394,0.3761377171162636,0.001,True,5,50
2,AlternativeValueStrategy,6,0.9390992835209826,0.37449875473976135,0.001,True,5,60
2,AlternativeValueStrategy,7,0.9447287615148413,0.3682909732864749,0.001,True,5,70
2,AlternativeValueStrategy,8,0.946775844421699,0.3665705707765395,0.001,True,5,80
2,AlternativeValueStrategy,9,0.9503582395087001,0.3631078370155827,0.001,True,5,90
3,SubstitutionStrategy,1,0.7154554759467758,0.5994544932919164,0.1,True,5,15
3,SubstitutionStrategy,2,0.8393039918116684,0.47380239732803836,0.1,True,5,30
3,SubstitutionStrategy,3,0.9585465711361311,0.35508368284471575,0.1,True,5,45
3,SubstitutionStrategy,1,0.7640736949846468,0.5490287619252359,0.01,True,5,15
3,SubstitutionStrategy,2,0.925281473899693,0.3880675877294233,0.01,True,5,30
3,SubstitutionStrategy,3,0.9421699078812692,0.37148603604685876,0.01,True,5,45
3,SubstitutionStrategy,4,0.9442169907881269,0.36998852895152184,0.01,True,5,60
3,SubstitutionStrategy,5,0.9442169907881269,0.36864599970079237,0.01,True,5,75
3,SubstitutionStrategy,6,0.9488229273285568,0.3641111370055906,0.01,True,5,90
3,SubstitutionStrategy,7,0.9483111566018424,0.36502924176954454,0.01,True,5,105
3,SubstitutionStrategy,8,0.9488229273285568,0.3645578574749731,0.01,True,5,120
3,SubstitutionStrategy,9,0.951381780962129,0.3613247996376407,0.01,True,5,135
3,SubstitutionStrategy,1,0.7359263050153532,0.5766868745127032,0.001,True,5,15
3,SubstitutionStrategy,2,0.8372569089048106,0.4760953236010767,0.001,True,5,30
3,SubstitutionStrategy,3,0.8812691914022518,0.43108834855018124,0.001,True,5,45
3,SubstitutionStrategy,4,0.8899692937563971,0.42286352092219937,0.001,True,5,60
3,SubstitutionStrategy,5,0.901740020470829,0.41273387689744273,0.001,True,5,75
3,SubstitutionStrategy,6,0.9042988741044012,0.4088783139182675,0.001,True,5,90
3,SubstitutionStrategy,7,0.9211873080859775,0.3922189954788454,0.001,True,5,105
3,SubstitutionStrategy,8,0.9263050153531218,0.3865837474023142,0.001,True,5,120
3,SubstitutionStrategy,9,0.9303991811668373,0.3821463902150431,0.001,True,5,135
3,SubstitutionStrategy,10,0.9329580348004094,0.38035117137816643,0.001,True,5,150
3,SubstitutionStrategy,11,0.9431934493346981,0.36920957796035275,0.001,True,5,165
3,SubstitutionStrategy,12,0.9508700102354145,0.362110064875695,0.001,True,5,180
3,MarginalizedSubstitutionStrategy,1,0.7963152507676561,0.5163524545008137,0.1,True,5,15
3,MarginalizedSubstitutionStrategy,2,0.8469805527123848,0.46679083474220767,0.1,True,5,30
3,MarginalizedSubstitutionStrategy,3,0.9186284544524054,0.39518311042939464,0.1,True,5,45
3,MarginalizedSubstitutionStrategy,4,0.9529170931422722,0.36186426205019795,0.1,True,5,60
3,MarginalizedSubstitutionStrategy,1,0.8224155578300921,0.48985544039357093,0.01,True,5,15
3,MarginalizedSubstitutionStrategy,2,0.8546571136131014,0.4580951160000217,0.01,True,5,30
3,MarginalizedSubstitutionStrategy,3,0.920675537359263,0.39218628791070753,0.01,True,5,45
3,MarginalizedSubstitutionStrategy,4,0.9355168884339816,0.37765160010706994,0.01,True,5,60
3,MarginalizedSubstitutionStrategy,5,0.9334698055271239,0.37879845884538466,0.01,True,5,75
3,MarginalizedSubstitutionStrategy,6,0.9529170931422722,0.3600854027655817,0.01,True,5,90
3,MarginalizedSubstitutionStrategy,1,0.8751279426816786,0.43730125504155315,0.001,True,5,15
3,MarginalizedSubstitutionStrategy,2,0.887410440122825,0.42498073462517033,0.001,True,5,30
3,MarginalizedSubstitutionStrategy,3,0.8961105424769703,0.41743604021687664,0.001,True,5,45
3,MarginalizedSubstitutionStrategy,4,0.8996929375639714,0.41206360920783014,0.001,True,5,60
3,MarginalizedSubstitutionStrategy,5,0.9201637666325486,0.3929838961170566,0.001,True,5,75
3,MarginalizedSubstitutionStrategy,6,0.9227226202661207,0.3900511139823544,0.001,True,5,90
3,MarginalizedSubstitutionStrategy,7,0.9355168884339816,0.3770819537101253,0.001,True,5,105
3,MarginalizedSubstitutionStrategy,8,0.9365404298874105,0.3775405576152186,0.001,True,5,120
3,MarginalizedSubstitutionStrategy,9,0.9375639713408394,0.3756115667281612,0.001,True,5,135
3,MarginalizedSubstitutionStrategy,10,0.9396110542476971,0.3729930260489064,0.001,True,5,150
3,MarginalizedSubstitutionStrategy,11,0.9406345957011258,0.3730614973652747,0.001,True,5,165
3,MarginalizedSubstitutionStrategy,12,0.9406345957011258,0.3730635864119376,0.001,True,5,180
3,MarginalizedSubstitutionStrategy,13,0.9431934493346981,0.369488327733932,0.001,True,5,195
3,MarginalizedSubstitutionStrategy,14,0.9442169907881269,0.36884266041940256,0.001,True,5,210
3,MarginalizedSubstitutionStrategy,15,0.9452405322415558,0.36719603211649005,0.001,True,5,225
3,MarginalizedSubstitutionStrategy,16,0.9457523029682702,0.3684688989193209,0.001,True,5,240
3,MarginalizedSubstitutionStrategy,17,0.9457523029682702,0.36713390677205976,0.001,True,5,255
3,MarginalizedSubstitutionStrategy,18,0.9493346980552713,0.36377720294460175,0.001,True,5,270
3,MarginalizedSubstitutionStrategy,19,0.9498464687819856,0.3635464012622833,0.001,True,5,285
3,MarginalizedSubstitutionStrategy,20,0.9498464687819856,0.3639911124783178,0.001,True,5,300
3,MarginalizedSubstitutionStrategy,21,0.9503582395087001,0.36260174935863865,0.001,True,5,315
3,AlternativeValueStrategy,1,0.9048106448311156,0.408020390618232,0.1,True,5,15
3,AlternativeValueStrategy,2,0.9457523029682702,0.3680233705428339,0.1,True,5,30
3,AlternativeValueStrategy,3,0.9651995905834186,0.3484349693021467,0.1,True,5,45
3,AlternativeValueStrategy,1,0.8259979529170931,0.48870540530450884,0.01,True,5,15
3,AlternativeValueStrategy,2,0.932446264073695,0.3807419528884272,0.01,True,5,30
3,AlternativeValueStrategy,3,0.9544524053224156,0.3594549086786086,0.01,True,5,45
3,AlternativeValueStrategy,1,0.7896622313203685,0.5226929860730325,0.001,True,5,15
3,AlternativeValueStrategy,2,0.8761514841351075,0.4364991207276621,0.001,True,5,30
3,AlternativeValueStrategy,3,0.8843398157625384,0.4280448123331993,0.001,True,5,45
3,AlternativeValueStrategy,4,0.9068577277379734,0.40678807323978794,0.001,True,5,60
3,AlternativeValueStrategy,5,0.9129989764585466,0.4011860134140138,0.001,True,5,75
3,AlternativeValueStrategy,6,0.917093142272262,0.3974068001393349,0.001,True,5,90
3,AlternativeValueStrategy,7,0.9216990788126919,0.3921520806127979,0.001,True,5,105
3,AlternativeValueStrategy,8,0.9375639713408394,0.375621578385753,0.001,True,5,120
3,AlternativeValueStrategy,9,0.9539406345957011,0.3590704442993287,0.001,True,5,135
4,SubstitutionStrategy,1,0.8664278403275333,0.4455972285039963,0.1,True,5,20
4,SubstitutionStrategy,2,0.8679631525076765,0.4456585943698883,0.1,True,5,40
4,SubstitutionStrategy,3,0.9646878198567042,0.34806119338158636,0.1,True,5,60
4,SubstitutionStrategy,1,0.8623336745138178,0.4498420405772425,0.01,True,5,20
4,SubstitutionStrategy,2,0.9544524053224156,0.3599000938477055,0.01,True,5,40
4,SubstitutionStrategy,1,0.8024564994882293,0.5114044239444118,0.001,True,5,20
4,SubstitutionStrategy,2,0.8055271238485159,0.5089920124699993,0.001,True,5,40
4,SubstitutionStrategy,3,0.8116683725690891,0.502025879198505,0.001,True,5,60
4,SubstitutionStrategy,4,0.9078812691914022,0.40476841022891386,0.001,True,5,80
4,SubstitutionStrategy,5,0.9140225179119754,0.39882294112636196,0.001,True,5,100
4,SubstitutionStrategy,6,0.9247697031729785,0.38854409706208015,0.001,True,5,120
4,SubstitutionStrategy,7,0.9503582395087001,0.3628089629834698,0.001,True,5,140
4,MarginalizedSubstitutionStrategy,1,0.8920163766632548,0.42049338644550693,0.1,True,5,20
4,MarginalizedSubstitutionStrategy,2,0.8863868986693961,0.4296030008023785,0.1,True,5,40
4,MarginalizedSubstitutionStrategy,3,0.9309109518935517,0.38442068426839765,0.1,True,5,60
4,MarginalizedSubstitutionStrategy,4,0.9401228249744115,0.3722543668362402,0.1,True,5,80
4,MarginalizedSubstitutionStrategy,5,0.9406345957011258,0.3730662138231339,0.1,True,5,100
4,MarginalizedSubstitutionStrategy,6,0.9447287615148413,0.36768944801822784,0.1,True,5,120
4,MarginalizedSubstitutionStrategy,7,0.9431934493346981,0.36965406325555616,0.1,True,5,140
4,MarginalizedSubstitutionStrategy,8,0.9539406345957011,0.3595141355068453,0.1,True,5,160
4,MarginalizedSubstitutionStrategy,1,0.890992835209826,0.42138123704541114,0.01,True,5,20
4,MarginalizedSubstitutionStrategy,2,0.9319344933469805,0.3807428402285422,0.01,True,5,40
4,MarginalizedSubstitutionStrategy,3,0.9524053224155579,0.3614718587167801,0.01,True,5,60
4,MarginalizedSubstitutionStrategy,1,0.6903787103377687,0.6247872306454566,0.001,True,5,20
4,MarginalizedSubstitutionStrategy,2,0.8408393039918116,0.4704410654883231,0.001,True,5,40
4,MarginalizedSubstitutionStrategy,3,0.9007164790174002,0.4130355350432857,0.001,True,5,60
4,MarginalizedSubstitutionStrategy,4,0.9201637666325486,0.39341429741151873,0.001,True,5,80
4,MarginalizedSubstitutionStrategy,5,0.9518935516888434,0.3615305596782315,0.001,True,5,100
4,AlternativeValueStrategy,1,0.8398157625383829,0.4736671918822873,0.1,True,5,20
4,AlternativeValueStrategy,2,0.8741044012282497,0.43858768574653134,0.1,True,5,40
4,AlternativeValueStrategy,3,0.8787103377686797,0.4341844060728627,0.1,True,5,60
4,AlternativeValueStrategy,4,0.951381780962129,0.3615895942334206,0.1,True,5,80
4,AlternativeValueStrategy,1,0.8833162743091095,0.429856518583913,0.01,True,5,20
4,AlternativeValueStrategy,2,0.8950870010235414,0.4174778298024208,0.01,True,5,40
4,AlternativeValueStrategy,3,0.9350051177072671,0.3803867716943064,0.01,True,5,60
4,AlternativeValueStrategy,4,0.9626407369498464,0.3500534199899243,0.01,True,5,80
4,AlternativeValueStrategy,1,0.8162743091095189,0.4964170167523046,0.001,True,5,20
4,AlternativeValueStrategy,2,0.8694984646878199,0.44456164394655534,0.001,True,5,40
4,AlternativeValueStrategy,3,0.8848515864892528,0.4269911079637466,0.001,True,5,60
4,AlternativeValueStrategy,4,0.9211873080859775,0.3928305612456414,0.001,True,5,80
4,AlternativeValueStrategy,5,0.9334698055271239,0.37874667490682296,0.001,True,5,100
4,AlternativeValueStrategy,6,0.9385875127942682,0.3755323656143681,0.001,True,5,120
4,AlternativeValueStrategy,7,0.9447287615148413,0.36861312293237253,0.001,True,5,140
4,AlternativeValueStrategy,8,0.9483111566018424,0.3645806552902345,0.001,True,5,160
4,AlternativeValueStrategy,9,0.9503582395087001,0.3622049468178903,0.001,True,5,180
5,SubstitutionStrategy,1,0.5926305015353122,0.7213669707698207,0.1,True,5,25
5,SubstitutionStrategy,2,0.9646878198567042,0.34809612651025096,0.1,True,5,50
5,SubstitutionStrategy,1,0.8607983623336745,0.4520217555184518,0.01,True,5,25
5,SubstitutionStrategy,2,0.8781985670419652,0.436887284440379,0.01,True,5,50
5,SubstitutionStrategy,3,0.9196519959058342,0.392809449665008,0.01,True,5,75
5,SubstitutionStrategy,4,0.925281473899693,0.3878047783528605,0.01,True,5,100
5,SubstitutionStrategy,5,0.925281473899693,0.38789764815761196,0.01,True,5,125
5,SubstitutionStrategy,6,0.9247697031729785,0.38838602362140534,0.01,True,5,150
5,SubstitutionStrategy,7,0.9257932446264073,0.3884415482321093,0.01,True,5,175
5,SubstitutionStrategy,8,0.9263050153531218,0.3871770106977032,0.01,True,5,200
5,SubstitutionStrategy,9,0.9263050153531218,0.3876098327098354,0.01,True,5,225
5,SubstitutionStrategy,10,0.9273285568065507,0.3857095472274288,0.01,True,5,250
5,SubstitutionStrategy,11,0.9344933469805528,0.3782224655151367,0.01,True,5,275
5,SubstitutionStrategy,12,0.9344933469805528,0.3782226116426529,0.01,True,5,300
5,SubstitutionStrategy,13,0.9344933469805528,0.37911238112757284,0.01,True,5,325
5,SubstitutionStrategy,14,0.9626407369498464,0.3509461966253096,0.01,True,5,350
5,SubstitutionStrategy,1,0.8357215967246674,0.4772351595663255,0.001,True,5,25
5,SubstitutionStrategy,2,0.838792221084954,0.4741948939138843,0.001,True,5,50
5,SubstitutionStrategy,3,0.8858751279426816,0.4273873567581177,0.001,True,5,75
5,SubstitutionStrategy,4,0.9129989764585466,0.40064832952714735,0.001,True,5,100
5,SubstitutionStrategy,5,0.9314227226202662,0.3818272938651423,0.001,True,5,125
5,SubstitutionStrategy,6,0.9406345957011258,0.37256603471694455,0.001,True,5,150
5,SubstitutionStrategy,7,0.9416581371545547,0.3710757686245826,0.001,True,5,175
5,SubstitutionStrategy,8,0.9426816786079836,0.3704824659132188,0.001,True,5,200
5,SubstitutionStrategy,9,0.9431934493346981,0.37049811213247236,0.001,True,5,225
5,SubstitutionStrategy,10,0.9437052200614124,0.36849668814289954,0.001,True,5,250
5,SubstitutionStrategy,11,0.9503582395087001,0.3636641627357852,0.001,True,5,275
5,MarginalizedSubstitutionStrategy,1,0.6944728761514841,0.6183864781933446,0.1,True,5,25
5,MarginalizedSubstitutionStrategy,2,0.9544524053224156,0.3585653535781368,0.1,True,5,50
5,MarginalizedSubstitutionStrategy,1,0.8802456499488229,0.4326357274286209,0.01,True,5,25
5,MarginalizedSubstitutionStrategy,2,0.8863868986693961,0.42695290523190654,0.01,True,5,50
5,MarginalizedSubstitutionStrategy,3,0.9181166837256909,0.39568555258935495,0.01,True,5,75
5,MarginalizedSubstitutionStrategy,4,0.9216990788126919,0.39080604814714,0.01,True,5,100
5,MarginalizedSubstitutionStrategy,5,0.9201637666325486,0.39253586050002803,0.01,True,5,125
5,MarginalizedSubstitutionStrategy,6,0.9334698055271239,0.37968087292486624,0.01,True,5,150
5,MarginalizedSubstitutionStrategy,7,0.9319344933469805,0.38118751106723664,0.01,True,5,175
5,MarginalizedSubstitutionStrategy,8,0.9380757420675537,0.3751084246943074,0.01,True,5,200
5,MarginalizedSubstitutionStrategy,9,0.9396110542476971,0.37295656242678243,0.01,True,5,225
5,MarginalizedSubstitutionStrategy,10,0.9411463664278403,0.37255937245584303,0.01,True,5,250
5,MarginalizedSubstitutionStrategy,11,0.9411463664278403,0.37167018748098807,0.01,True,5,275
5,MarginalizedSubstitutionStrategy,12,0.9651995905834186,0.34887036008219563,0.01,True,5,300
5,MarginalizedSubstitutionStrategy,1,0.8055271238485159,0.5083058639880149,0.001,True,5,25
5,MarginalizedSubstitutionStrategy,2,0.8648925281473899,0.44839904192955266,0.001,True,5,50
5,MarginalizedSubstitutionStrategy,3,0.9083930399181167,0.40572007336924154,0.001,True,5,75
5,MarginalizedSubstitutionStrategy,4,0.9181166837256909,0.3947572621607011,0.001,True,5,100
5,MarginalizedSubstitutionStrategy,5,0.9216990788126919,0.3922471096438746,0.001,True,5,125
5,MarginalizedSubstitutionStrategy,6,0.946775844421699,0.3665260163045699,0.001,True,5,150
5,MarginalizedSubstitutionStrategy,7,0.9503582395087001,0.36249262479043776,0.001,True,5,175
5,AlternativeValueStrategy,1,0.9268167860798362,0.38667254390255096,0.1,True,5,25
5,AlternativeValueStrategy,2,0.9708290685772774,0.34214654468720956,0.1,True,5,50
5,AlternativeValueStrategy,1,0.7717502558853634,0.5411078256945456,0.01,True,5,25
5,AlternativeValueStrategy,2,0.9288638689866939,0.38421169500197133,0.01,True,5,50
5,AlternativeValueStrategy,3,0.9539406345957011,0.35862057055196456,0.01,True,5,75
5,AlternativeValueStrategy,1,0.887410440122825,0.4261171298642312,0.001,True,5,25
5,AlternativeValueStrategy,2,0.9104401228249744,0.4020998429867529,0.001,True,5,50
5,AlternativeValueStrategy,3,0.9227226202661207,0.3892939013819541,0.001,True,5,75
5,AlternativeValueStrategy,4,0.9288638689866939,0.3830896221822308,0.001,True,5,100
5,AlternativeValueStrategy,5,0.9319344933469805,0.3797431915037094,0.001,True,5,125
5,AlternativeValueStrategy,6,0.9339815762538383,0.3787514413556745,0.001,True,5,150
5,AlternativeValueStrategy,7,0.9411463664278403,0.37164028998344173,0.001,True,5,175
5,AlternativeValueStrategy,8,0.9503582395087001,0.3634792825868053,0.001,True,5,200
