ce_num,strategy,epoch,accuracy,average_loss,lr,from_ground_zero,num_of_instances_per_epoch,num_of_artificial_instances
1,SubstitutionStrategy,1,0.7364380757420675,0.57844671510881,0.1,True,5,5
1,SubstitutionStrategy,2,0.7359263050153532,0.5786699546921638,0.1,True,5,10
1,SubstitutionStrategy,3,0.9595701125895599,0.35349815891635034,0.1,True,5,15
1,SubstitutionStrategy,1,0.8280450358239508,0.4835646575497043,0.01,True,5,5
1,SubstitutionStrategy,2,0.8505629477993859,0.4627954036958756,0.01,True,5,10
1,SubstitutionStrategy,3,0.8607983623336745,0.4529160943723494,0.01,True,5,15
1,SubstitutionStrategy,4,0.8694984646878199,0.44363009737383935,0.01,True,5,20
1,SubstitutionStrategy,5,0.8746161719549642,0.43828919722187903,0.01,True,5,25
1,SubstitutionStrategy,6,0.9089048106448311,0.4052239848721412,0.01,True,5,30
1,SubstitutionStrategy,7,0.9048106448311156,0.4085018798228233,0.01,True,5,35
1,SubstitutionStrategy,8,0.9191402251791198,0.3931133795169092,0.01,True,5,40
1,SubstitutionStrategy,9,0.9165813715455476,0.39760124202697505,0.01,True,5,45
1,SubstitutionStrategy,10,0.9160696008188332,0.3992022746993649,0.01,True,5,50
1,SubstitutionStrategy,11,0.9150460593654043,0.39682221701068265,0.01,True,5,55
1,SubstitutionStrategy,12,0.9298874104401228,0.3827586500875412,0.01,True,5,60
1,SubstitutionStrategy,13,0.9303991811668373,0.38314410755711215,0.01,True,5,65
1,SubstitutionStrategy,14,0.9309109518935517,0.38218644453633216,0.01,True,5,70
1,SubstitutionStrategy,15,0.9355168884339816,0.376766461518503,0.01,True,5,75
1,SubstitutionStrategy,16,0.9385875127942682,0.3750290851439199,0.01,True,5,80
1,SubstitutionStrategy,17,0.9426816786079836,0.36971336603164673,0.01,True,5,85
1,SubstitutionStrategy,18,0.9524053224155579,0.36060094064281834,0.01,True,5,90
1,SubstitutionStrategy,1,0.6100307062436029,0.7056317675498224,0.001,True,5,5
1,SubstitutionStrategy,2,0.6212896622313203,0.6933923767459008,0.001,True,5,10
1,SubstitutionStrategy,3,0.7374616171954964,0.5760548816573235,0.001,True,5,15
1,SubstitutionStrategy,4,0.7763561924257932,0.538527310855927,0.001,True,5,20
1,SubstitutionStrategy,5,0.8352098259979529,0.4782143860094009,0.001,True,5,25
1,SubstitutionStrategy,6,0.8561924257932446,0.45732414145623485,0.001,True,5,30
1,SubstitutionStrategy,7,0.8628454452405322,0.4493195991362295,0.001,True,5,35
1,SubstitutionStrategy,8,0.8715455475946776,0.44224375774783475,0.001,True,5,40
1,SubstitutionStrategy,9,0.8904810644831116,0.4219452921421297,0.001,True,5,45
1,SubstitutionStrategy,10,0.9058341862845445,0.40767116123630154,0.001,True,5,50
1,SubstitutionStrategy,11,0.9124872057318322,0.3998479583571034,0.001,True,5,55
1,SubstitutionStrategy,12,0.9181166837256909,0.39475052202901534,0.001,True,5,60
1,SubstitutionStrategy,13,0.9237461617195496,0.3887483208410202,0.001,True,5,65
1,SubstitutionStrategy,14,0.9288638689866939,0.3851361649651681,0.001,True,5,70
1,SubstitutionStrategy,15,0.9334698055271239,0.3791635267196163,0.001,True,5,75
1,SubstitutionStrategy,16,0.9365404298874105,0.37680836262241485,0.001,True,5,80
1,SubstitutionStrategy,17,0.9406345957011258,0.3722695794797713,0.001,True,5,85
1,SubstitutionStrategy,18,0.9426816786079836,0.3701498402703193,0.001,True,5,90
1,SubstitutionStrategy,19,0.9457523029682702,0.36756855441677955,0.001,True,5,95
1,SubstitutionStrategy,20,0.946775844421699,0.3656839036172436,0.001,True,5,100
1,SubstitutionStrategy,21,0.946775844421699,0.36612583744910454,0.001,True,5,105
1,SubstitutionStrategy,22,0.9477993858751279,0.36689673123821137,0.001,True,5,110
1,SubstitutionStrategy,23,0.9483111566018424,0.3641690063861109,0.001,True,5,115
1,SubstitutionStrategy,24,0.9483111566018424,0.3654795365948831,0.001,True,5,120
1,SubstitutionStrategy,25,0.9493346980552713,0.3636683437132066,0.001,True,5,125
1,SubstitutionStrategy,26,0.9518935516888434,0.3609910732315433,0.001,True,5,130
1,MarginalizedSubstitutionStrategy,1,0.7343909928352098,0.5787338941327987,0.1,True,5,5
1,MarginalizedSubstitutionStrategy,2,0.9375639713408394,0.3753394042291949,0.1,True,5,10
1,MarginalizedSubstitutionStrategy,3,0.9437052200614124,0.369594766247657,0.1,True,5,15
1,MarginalizedSubstitutionStrategy,4,0.9518935516888434,0.36153010110701284,0.1,True,5,20
1,MarginalizedSubstitutionStrategy,1,0.7850562947799385,0.5286316669756367,0.01,True,5,5
1,MarginalizedSubstitutionStrategy,2,0.8178096212896623,0.4945495186313506,0.01,True,5,10
1,MarginalizedSubstitutionStrategy,3,0.9058341862845445,0.4064352983428586,0.01,True,5,15
1,MarginalizedSubstitutionStrategy,4,0.9222108495394064,0.3918169467679916,0.01,True,5,20
1,MarginalizedSubstitutionStrategy,5,0.925281473899693,0.38745509232244185,0.01,True,5,25
1,MarginalizedSubstitutionStrategy,6,0.9283520982599796,0.38516213432435065,0.01,True,5,30
1,MarginalizedSubstitutionStrategy,7,0.9380757420675537,0.3751505805600074,0.01,True,5,35
1,MarginalizedSubstitutionStrategy,8,0.9503582395087001,0.36378581966123275,0.01,True,5,40
1,MarginalizedSubstitutionStrategy,1,0.6023541453428863,0.7091388663937969,0.001,True,5,5
1,MarginalizedSubstitutionStrategy,2,0.7001023541453428,0.6128419618452748,0.001,True,5,10
1,MarginalizedSubstitutionStrategy,3,0.8408393039918116,0.4721035034425797,0.001,True,5,15
1,MarginalizedSubstitutionStrategy,4,0.8618219037871033,0.45233250241125783,0.001,True,5,20
1,MarginalizedSubstitutionStrategy,5,0.8710337768679631,0.4416925176497429,0.001,True,5,25
1,MarginalizedSubstitutionStrategy,6,0.8761514841351075,0.43677346360298896,0.001,True,5,30
1,MarginalizedSubstitutionStrategy,7,0.8802456499488229,0.4328800555198423,0.001,True,5,35
1,MarginalizedSubstitutionStrategy,8,0.8945752302968271,0.418510974414887,0.001,True,5,40
1,MarginalizedSubstitutionStrategy,9,0.898157625383828,0.4153737320053962,0.001,True,5,45
1,MarginalizedSubstitutionStrategy,10,0.9002047082906858,0.41374895361162,0.001,True,5,50
1,MarginalizedSubstitutionStrategy,11,0.913510747185261,0.4006692517188288,0.001,True,5,55
1,MarginalizedSubstitutionStrategy,12,0.9176049129989765,0.3940091479209162,0.001,True,5,60
1,MarginalizedSubstitutionStrategy,13,0.9227226202661207,0.3910200855424327,0.001,True,5,65
1,MarginalizedSubstitutionStrategy,14,0.9263050153531218,0.3880662648908554,0.001,True,5,70
1,MarginalizedSubstitutionStrategy,15,0.9309109518935517,0.3835922085469769,0.001,True,5,75
1,MarginalizedSubstitutionStrategy,16,0.9350051177072671,0.3773552688860124,0.001,True,5,80
1,MarginalizedSubstitutionStrategy,17,0.9355168884339816,0.3780952259417503,0.001,True,5,85
1,MarginalizedSubstitutionStrategy,18,0.936028659160696,0.3769210029032923,0.001,True,5,90
1,MarginalizedSubstitutionStrategy,19,0.9385875127942682,0.374568086478018,0.001,True,5,95
1,MarginalizedSubstitutionStrategy,20,0.9411463664278403,0.37115452847173136,0.001,True,5,100
1,MarginalizedSubstitutionStrategy,21,0.9437052200614124,0.3691500281133959,0.001,True,5,105
1,MarginalizedSubstitutionStrategy,22,0.9483111566018424,0.36524800908180977,0.001,True,5,110
1,MarginalizedSubstitutionStrategy,23,0.9503582395087001,0.3627028619089434,0.001,True,5,115
1,AlternativeValueStrategy,1,0.7661207778915046,0.5462065387156702,0.1,True,5,5
1,AlternativeValueStrategy,2,0.9268167860798362,0.38643545008474783,0.1,True,5,10
1,AlternativeValueStrategy,3,0.9401228249744115,0.37411618521136625,0.1,True,5,15
1,AlternativeValueStrategy,4,0.9611054247697032,0.3524575339209649,0.1,True,5,20
1,AlternativeValueStrategy,1,0.8694984646878199,0.44440676223847175,0.01,True,5,5
1,AlternativeValueStrategy,2,0.8848515864892528,0.4288729092767162,0.01,True,5,10
1,AlternativeValueStrategy,3,0.9032753326509724,0.4105124117866639,0.01,True,5,15
1,AlternativeValueStrategy,4,0.9431934493346981,0.37012185108277107,0.01,True,5,20
1,AlternativeValueStrategy,5,0.9442169907881269,0.3695354673170274,0.01,True,5,25
1,AlternativeValueStrategy,6,0.9483111566018424,0.36464167891010163,0.01,True,5,30
1,AlternativeValueStrategy,7,0.951381780962129,0.3624790157041242,0.01,True,5,35
1,AlternativeValueStrategy,1,0.823439099283521,0.4907365922004946,0.001,True,5,5
1,AlternativeValueStrategy,2,0.8408393039918116,0.4735564233795289,0.001,True,5,10
1,AlternativeValueStrategy,3,0.857727737973388,0.4562656812129482,0.001,True,5,15
1,AlternativeValueStrategy,4,0.8746161719549642,0.43784619819733406,0.001,True,5,20
1,AlternativeValueStrategy,5,0.8787103377686797,0.43381901998673716,0.001,True,5,25
1,AlternativeValueStrategy,6,0.8899692937563971,0.4233690942487409,0.001,True,5,30
1,AlternativeValueStrategy,7,0.8950870010235414,0.4165936420040746,0.001,True,5,35
1,AlternativeValueStrategy,8,0.9191402251791198,0.39421080389330465,0.001,True,5,40
1,AlternativeValueStrategy,9,0.9257932446264073,0.3872747113627772,0.001,True,5,45
1,AlternativeValueStrategy,10,0.9288638689866939,0.3837459818009407,0.001,True,5,50
1,AlternativeValueStrategy,11,0.932446264073695,0.3817590965378669,0.001,True,5,55
1,AlternativeValueStrategy,12,0.936028659160696,0.3778405208741465,0.001,True,5,60
1,AlternativeValueStrategy,13,0.9385875127942682,0.3743268645578815,0.001,True,5,65
1,AlternativeValueStrategy,14,0.9421699078812692,0.37199629795166755,0.001,True,5,70
1,AlternativeValueStrategy,15,0.9437052200614124,0.3687052967086915,0.001,True,5,75
1,AlternativeValueStrategy,16,0.9462640736949847,0.3669603188191691,0.001,True,5,80
1,AlternativeValueStrategy,17,0.9488229273285568,0.36357408665841623,0.001,True,5,85
1,AlternativeValueStrategy,18,0.9508700102354145,0.3615980417497696,0.001,True,5,90
2,SubstitutionStrategy,1,0.7604912998976459,0.5539953843239815,0.1,True,5,10
2,SubstitutionStrategy,2,0.9355168884339816,0.3781578463892783,0.1,True,5,20
2,SubstitutionStrategy,3,0.9518935516888434,0.3606410170755079,0.1,True,5,30
2,SubstitutionStrategy,1,0.7548618219037871,0.5590403743328587,0.01,True,5,10
2,SubstitutionStrategy,2,0.8183213920163767,0.4940065779993611,0.01,True,5,20
2,SubstitutionStrategy,3,0.8183213920163767,0.4961973390271587,0.01,True,5,30
2,SubstitutionStrategy,4,0.8955987717502559,0.4174186164332974,0.01,True,5,40
2,SubstitutionStrategy,5,0.8904810644831116,0.42266734761576497,0.01,True,5,50
2,SubstitutionStrategy,6,0.8986693961105425,0.415485881990002,0.01,True,5,60
2,SubstitutionStrategy,7,0.9216990788126919,0.39211028333633174,0.01,True,5,70
2,SubstitutionStrategy,8,0.9268167860798362,0.3871325687054665,0.01,True,5,80
2,SubstitutionStrategy,9,0.9278403275332651,0.38521998255483564,0.01,True,5,90
2,SubstitutionStrategy,10,0.9421699078812692,0.3719738731461187,0.01,True,5,100
2,SubstitutionStrategy,11,0.9406345957011258,0.37395368083830804,0.01,True,5,110
2,SubstitutionStrategy,12,0.9401228249744115,0.37267825103575186,0.01,True,5,120
2,SubstitutionStrategy,13,0.9483111566018424,0.36418588603696517,0.01,True,5,130
2,SubstitutionStrategy,14,0.9477993858751279,0.3658472568758072,0.01,True,5,140
2,SubstitutionStrategy,15,0.9503582395087001,0.3630945240297625,0.01,True,5,150
2,SubstitutionStrategy,1,0.8183213920163767,0.49592469488420793,0.001,True,5,10
2,SubstitutionStrategy,2,0.8377686796315251,0.4758019822259103,0.001,True,5,20
2,SubstitutionStrategy,3,0.8536335721596725,0.46074229382699533,0.001,True,5,30
2,SubstitutionStrategy,4,0.8674513817809621,0.44695818424224854,0.001,True,5,40
2,SubstitutionStrategy,5,0.8715455475946776,0.44061796319100166,0.001,True,5,50
2,SubstitutionStrategy,6,0.9104401228249744,0.4031722084168465,0.001,True,5,60
2,SubstitutionStrategy,7,0.9303991811668373,0.38269493560637197,0.001,True,5,70
2,SubstitutionStrategy,8,0.9344933469805528,0.37864435488177883,0.001,True,5,80
2,SubstitutionStrategy,9,0.9396110542476971,0.3729131952408821,0.001,True,5,90
2,SubstitutionStrategy,10,0.9442169907881269,0.3682197851519431,0.001,True,5,100
2,SubstitutionStrategy,11,0.9447287615148413,0.36915202006216974,0.001,True,5,110
2,SubstitutionStrategy,12,0.9462640736949847,0.366635698464609,0.001,True,5,120
2,SubstitutionStrategy,13,0.946775844421699,0.36657081111784906,0.001,True,5,130
2,SubstitutionStrategy,14,0.946775844421699,0.36667092577103644,0.001,True,5,140
2,SubstitutionStrategy,15,0.946775844421699,0.3662068728477724,0.001,True,5,150
2,SubstitutionStrategy,16,0.9472876151484135,0.36616901140059194,0.001,True,5,160
2,SubstitutionStrategy,17,0.9483111566018424,0.36642745233351187,0.001,True,5,170
2,SubstitutionStrategy,18,0.9503582395087001,0.3631075687946812,0.001,True,5,180
2,MarginalizedSubstitutionStrategy,1,0.8142272262026612,0.49815052555453393,0.1,True,5,10
2,MarginalizedSubstitutionStrategy,2,0.9150460593654043,0.3974672459786938,0.1,True,5,20
2,MarginalizedSubstitutionStrategy,3,0.9155578300921188,0.3977636694908142,0.1,True,5,30
2,MarginalizedSubstitutionStrategy,4,0.9145342886386899,0.39960916100009797,0.1,True,5,40
2,MarginalizedSubstitutionStrategy,5,0.9692937563971341,0.3439478662706191,0.1,True,5,50
2,MarginalizedSubstitutionStrategy,1,0.9012282497441146,0.41221653838311473,0.01,True,5,10
2,MarginalizedSubstitutionStrategy,2,0.9078812691914022,0.40533169142661557,0.01,True,5,20
2,MarginalizedSubstitutionStrategy,3,0.9518935516888434,0.36197322030221263,0.01,True,5,30
2,MarginalizedSubstitutionStrategy,1,0.8259979529170931,0.48780482142202314,0.001,True,5,10
2,MarginalizedSubstitutionStrategy,2,0.8474923234390993,0.4656795494018062,0.001,True,5,20
2,MarginalizedSubstitutionStrategy,3,0.8792221084953941,0.4348280208726083,0.001,True,5,30
2,MarginalizedSubstitutionStrategy,4,0.882804503582395,0.43147910025811964,0.001,True,5,40
2,MarginalizedSubstitutionStrategy,5,0.8961105424769703,0.41709241174882455,0.001,True,5,50
2,MarginalizedSubstitutionStrategy,6,0.9012282497441146,0.4138012576487757,0.001,True,5,60
2,MarginalizedSubstitutionStrategy,7,0.913510747185261,0.3993153908560353,0.001,True,5,70
2,MarginalizedSubstitutionStrategy,8,0.9181166837256909,0.3943419494936543,0.001,True,5,80
2,MarginalizedSubstitutionStrategy,9,0.9216990788126919,0.3921474756733064,0.001,True,5,90
2,MarginalizedSubstitutionStrategy,10,0.925281473899693,0.3886049149497863,0.001,True,5,100
2,MarginalizedSubstitutionStrategy,11,0.9303991811668373,0.3826992146430477,0.001,True,5,110
2,MarginalizedSubstitutionStrategy,12,0.9329580348004094,0.3815136830652914,0.001,True,5,120
2,MarginalizedSubstitutionStrategy,13,0.9334698055271239,0.3800833648250949,0.001,True,5,130
2,MarginalizedSubstitutionStrategy,14,0.9344933469805528,0.37911209175663607,0.001,True,5,140
2,MarginalizedSubstitutionStrategy,15,0.9344933469805528,0.3790535619181971,0.001,True,5,150
2,MarginalizedSubstitutionStrategy,16,0.9355168884339816,0.3773473943433454,0.001,True,5,160
2,MarginalizedSubstitutionStrategy,17,0.9370522006141249,0.3755340701149356,0.001,True,5,170
2,MarginalizedSubstitutionStrategy,18,0.9406345957011258,0.3718261016953376,0.001,True,5,180
2,MarginalizedSubstitutionStrategy,19,0.9411463664278403,0.3711781809406896,0.001,True,5,190
2,MarginalizedSubstitutionStrategy,20,0.9426816786079836,0.36971611938168925,0.001,True,5,200
2,MarginalizedSubstitutionStrategy,21,0.946775844421699,0.3660135711393049,0.001,True,5,210
2,MarginalizedSubstitutionStrategy,22,0.946775844421699,0.3665705717379047,0.001,True,5,220
2,MarginalizedSubstitutionStrategy,23,0.9472876151484135,0.3660665394798402,0.001,True,5,230
2,MarginalizedSubstitutionStrategy,24,0.9472876151484135,0.3665702150714013,0.001,True,5,240
2,MarginalizedSubstitutionStrategy,25,0.9483111566018424,0.3646023331149932,0.001,True,5,250
2,MarginalizedSubstitutionStrategy,26,0.9488229273285568,0.3636649741280463,0.001,True,5,260
2,MarginalizedSubstitutionStrategy,27,0.9534288638689867,0.36011623663287007,0.001,True,5,270
2,AlternativeValueStrategy,1,0.9554759467758445,0.35714533444373836,0.1,True,5,10
2,AlternativeValueStrategy,1,0.9242579324462641,0.38830326064940424,0.01,True,5,10
2,AlternativeValueStrategy,2,0.9257932446264073,0.3876811746628054,0.01,True,5,20
2,AlternativeValueStrategy,3,0.9539406345957011,0.35899027220664487,0.01,True,5,30
2,AlternativeValueStrategy,1,0.8249744114636642,0.4869970179373218,0.001,True,5,10
2,AlternativeValueStrategy,2,0.8623336745138178,0.4524262874357162,0.001,True,5,20
2,AlternativeValueStrategy,3,0.8776867963152508,0.4371961412891265,0.001,True,5,30
2,AlternativeValueStrategy,4,0.9109518935516888,0.4014401839625451,0.001,True,5,40
2,AlternativeValueStrategy,5,0.925281473899693,0.3876862968167951,0.001,True,5,50
2,AlternativeValueStrategy,6,0.9355168884339816,0.3767780123218413,0.001,True,5,60
2,AlternativeValueStrategy,7,0.9380757420675537,0.3766162683886866,0.001,True,5,70
2,AlternativeValueStrategy,8,0.9426816786079836,0.36971056076788134,0.001,True,5,80
2,AlternativeValueStrategy,9,0.9442169907881269,0.36901697516441345,0.001,True,5,90
2,AlternativeValueStrategy,10,0.9503582395087001,0.36304655574983163,0.001,True,5,100
3,SubstitutionStrategy,1,0.8101330603889457,0.5034597535287181,0.1,True,5,15
3,SubstitutionStrategy,2,0.8295803480040942,0.482627930179719,0.1,True,5,30
3,SubstitutionStrategy,3,0.849539406345957,0.46283721154735935,0.1,True,5,45
3,SubstitutionStrategy,4,0.9068577277379734,0.40632964526453325,0.1,True,5,60
3,SubstitutionStrategy,5,0.9037871033776868,0.41068152073890934,0.1,True,5,75
3,SubstitutionStrategy,6,0.9083930399181167,0.40481777248844025,0.1,True,5,90
3,SubstitutionStrategy,7,0.9288638689866939,0.38376696455863213,0.1,True,5,105
3,SubstitutionStrategy,8,0.9273285568065507,0.3852791420875057,0.1,True,5,120
3,SubstitutionStrategy,9,0.9303991811668373,0.3822549427709272,0.1,True,5,135
3,SubstitutionStrategy,10,0.9303991811668373,0.38181013541836895,0.1,True,5,150
3,SubstitutionStrategy,11,0.9350051177072671,0.3790526140120722,0.1,True,5,165
3,SubstitutionStrategy,12,0.9390992835209826,0.37413105560887244,0.1,True,5,180
3,SubstitutionStrategy,13,0.946775844421699,0.36656904028308007,0.1,True,5,195
3,SubstitutionStrategy,14,0.9457523029682702,0.3672729932492779,0.1,True,5,210
3,SubstitutionStrategy,15,0.9462640736949847,0.36668907346264007,0.1,True,5,225
3,SubstitutionStrategy,16,0.9462640736949847,0.3669737010232864,0.1,True,5,240
3,SubstitutionStrategy,17,0.9800409416581372,0.3338086710822198,0.1,True,5,255
3,SubstitutionStrategy,1,0.81985670419652,0.4942682385444641,0.01,True,5,15
3,SubstitutionStrategy,2,0.8751279426816786,0.43777565898433807,0.01,True,5,30
3,SubstitutionStrategy,3,0.9002047082906858,0.4128206131919738,0.01,True,5,45
3,SubstitutionStrategy,4,0.9355168884339816,0.3778127556846988,0.01,True,5,60
3,SubstitutionStrategy,5,0.9396110542476971,0.37363999985879465,0.01,True,5,75
3,SubstitutionStrategy,6,0.9390992835209826,0.3736857791100779,0.01,True,5,90
3,SubstitutionStrategy,7,0.9431934493346981,0.36976844456888014,0.01,True,5,105
3,SubstitutionStrategy,8,0.9692937563971341,0.34394845462614493,0.01,True,5,120
3,SubstitutionStrategy,1,0.7528147389969294,0.5608314198832358,0.001,True,5,15
3,SubstitutionStrategy,2,0.8009211873080859,0.5125448934493526,0.001,True,5,30
3,SubstitutionStrategy,3,0.8224155578300921,0.48938842550400763,0.001,True,5,45
3,SubstitutionStrategy,4,0.8433981576253838,0.4701612380243117,0.001,True,5,60
3,SubstitutionStrategy,5,0.8638689866939611,0.44889750403742634,0.001,True,5,75
3,SubstitutionStrategy,6,0.925281473899693,0.3882028124024791,0.001,True,5,90
3,SubstitutionStrategy,7,0.9288638689866939,0.3845825993245648,0.001,True,5,105
3,SubstitutionStrategy,8,0.9319344933469805,0.38012544570430634,0.001,True,5,120
3,SubstitutionStrategy,9,0.9339815762538383,0.3788579115944524,0.001,True,5,135
3,SubstitutionStrategy,10,0.9334698055271239,0.3791453242301941,0.001,True,5,150
3,SubstitutionStrategy,11,0.9350051177072671,0.3792258520280161,0.001,True,5,165
3,SubstitutionStrategy,12,0.9339815762538383,0.3791853372127779,0.001,True,5,180
3,SubstitutionStrategy,13,0.9365404298874105,0.37603852056687875,0.001,True,5,195
3,SubstitutionStrategy,14,0.9370522006141249,0.37569327892795684,0.001,True,5,210
3,SubstitutionStrategy,15,0.9375639713408394,0.3756472458762507,0.001,True,5,225
3,SubstitutionStrategy,16,0.9385875127942682,0.3745168284062416,0.001,True,5,240
3,SubstitutionStrategy,17,0.9390992835209826,0.3741311152135172,0.001,True,5,255
3,SubstitutionStrategy,18,0.9452405322415558,0.36869553500606167,0.001,True,5,270
3,SubstitutionStrategy,19,0.9457523029682702,0.3675534292574852,0.001,True,5,285
3,SubstitutionStrategy,20,0.9477993858751279,0.36556251971952375,0.001,True,5,300
3,SubstitutionStrategy,21,0.9477993858751279,0.36556248991720136,0.001,True,5,315
3,SubstitutionStrategy,22,0.9524053224155579,0.3605899503154139,0.001,True,5,330
3,MarginalizedSubstitutionStrategy,1,0.9227226202661207,0.39074771827267063,0.1,True,5,15
3,MarginalizedSubstitutionStrategy,2,0.9191402251791198,0.39316602964555064,0.1,True,5,30
3,MarginalizedSubstitutionStrategy,3,0.9237461617195496,0.39014149192840825,0.1,True,5,45
3,MarginalizedSubstitutionStrategy,4,0.9554759467758445,0.3584483515831732,0.1,True,5,60
3,MarginalizedSubstitutionStrategy,1,0.8444216990788127,0.46748462800056706,0.01,True,5,15
3,MarginalizedSubstitutionStrategy,2,0.8884339815762539,0.4240298521134161,0.01,True,5,30
3,MarginalizedSubstitutionStrategy,3,0.9032753326509724,0.4090521922034602,0.01,True,5,45
3,MarginalizedSubstitutionStrategy,4,0.8986693961105425,0.4150798782225578,0.01,True,5,60
3,MarginalizedSubstitutionStrategy,5,0.9129989764585466,0.3993709337326788,0.01,True,5,75
3,MarginalizedSubstitutionStrategy,6,0.9518935516888434,0.3615298136588066,0.01,True,5,90
3,MarginalizedSubstitutionStrategy,1,0.8224155578300921,0.48950003231725386,0.001,True,5,15
3,MarginalizedSubstitutionStrategy,2,0.868474923234391,0.44502170528134993,0.001,True,5,30
3,MarginalizedSubstitutionStrategy,3,0.8833162743091095,0.4304584110936811,0.001,True,5,45
3,MarginalizedSubstitutionStrategy,4,0.8884339815762539,0.4256532182616572,0.001,True,5,60
3,MarginalizedSubstitutionStrategy,5,0.9012282497441146,0.4114641316475407,0.001,True,5,75
3,MarginalizedSubstitutionStrategy,6,0.9119754350051177,0.4014740365166818,0.001,True,5,90
3,MarginalizedSubstitutionStrategy,7,0.9196519959058342,0.39308751013971144,0.001,True,5,105
3,MarginalizedSubstitutionStrategy,8,0.9303991811668373,0.38152701335568584,0.001,True,5,120
3,MarginalizedSubstitutionStrategy,9,0.9406345957011258,0.3739531636238098,0.001,True,5,135
3,MarginalizedSubstitutionStrategy,10,0.9437052200614124,0.3689329335766454,0.001,True,5,150
3,MarginalizedSubstitutionStrategy,11,0.9447287615148413,0.3681396015228764,0.001,True,5,165
3,MarginalizedSubstitutionStrategy,12,0.9457523029682702,0.36758832969973165,0.001,True,5,180
3,MarginalizedSubstitutionStrategy,13,0.946775844421699,0.3661258038013212,0.001,True,5,195
3,MarginalizedSubstitutionStrategy,14,0.9503582395087001,0.3625977346974035,0.001,True,5,210
3,AlternativeValueStrategy,1,0.9298874104401228,0.38224626741101664,0.1,True,5,15
3,AlternativeValueStrategy,2,0.9339815762538383,0.37917222226819686,0.1,True,5,30
3,AlternativeValueStrategy,3,0.9319344933469805,0.38374588470305165,0.1,True,5,45
3,AlternativeValueStrategy,4,0.9309109518935517,0.38233335941068586,0.1,True,5,60
3,AlternativeValueStrategy,5,0.9503582395087001,0.36215290523344473,0.1,True,5,75
3,AlternativeValueStrategy,1,0.7691914022517912,0.5457770680227587,0.01,True,5,15
3,AlternativeValueStrategy,2,0.8039918116683725,0.5085202119042797,0.01,True,5,30
3,AlternativeValueStrategy,3,0.8362333674513818,0.4781520135941044,0.01,True,5,45
3,AlternativeValueStrategy,4,0.8643807574206755,0.44816518887396783,0.01,True,5,60
3,AlternativeValueStrategy,5,0.8623336745138178,0.4511524236971332,0.01,True,5,75
3,AlternativeValueStrategy,6,0.8710337768679631,0.4411414717474291,0.01,True,5,90
3,AlternativeValueStrategy,7,0.8715455475946776,0.440706261704045,0.01,True,5,105
3,AlternativeValueStrategy,8,0.882804503582395,0.43090901451726116,0.01,True,5,120
3,AlternativeValueStrategy,9,0.8879222108495394,0.4253005241194079,0.01,True,5,135
3,AlternativeValueStrategy,10,0.9421699078812692,0.3710509865514694,0.01,True,5,150
3,AlternativeValueStrategy,11,0.9431934493346981,0.37051877283280893,0.01,True,5,165
3,AlternativeValueStrategy,12,0.9559877175025588,0.35855337016044125,0.01,True,5,180
3,AlternativeValueStrategy,1,0.8444216990788127,0.4688931703567505,0.001,True,5,15
3,AlternativeValueStrategy,2,0.8879222108495394,0.42521438579405507,0.001,True,5,30
3,AlternativeValueStrategy,3,0.8940634595701126,0.4202371547299047,0.001,True,5,45
3,AlternativeValueStrategy,4,0.9104401228249744,0.4026950761195152,0.001,True,5,60
3,AlternativeValueStrategy,5,0.9298874104401228,0.38325783898753507,0.001,True,5,75
3,AlternativeValueStrategy,6,0.9421699078812692,0.37146155295833466,0.001,True,5,90
3,AlternativeValueStrategy,7,0.9457523029682702,0.36753211675151704,0.001,True,5,105
3,AlternativeValueStrategy,8,0.9498464687819856,0.3632391883480933,0.001,True,5,120
3,AlternativeValueStrategy,9,0.9544524053224156,0.3581205856415533,0.001,True,5,135
4,SubstitutionStrategy,1,0.7497441146366428,0.5623575429762563,0.1,True,5,20
4,SubstitutionStrategy,2,0.9938587512794268,0.31940231688560977,0.1,True,5,40
4,SubstitutionStrategy,1,0.8085977482088025,0.5038840107379421,0.01,True,5,20
4,SubstitutionStrategy,2,0.8520982599795291,0.4607246575816985,0.01,True,5,40
4,SubstitutionStrategy,3,0.8500511770726714,0.4622387395751092,0.01,True,5,60
4,SubstitutionStrategy,4,0.9058341862845445,0.4073093456606711,0.01,True,5,80
4,SubstitutionStrategy,5,0.9529170931422722,0.3615000699796984,0.01,True,5,100
4,SubstitutionStrategy,1,0.8346980552712385,0.4774013065522717,0.001,True,5,20
4,SubstitutionStrategy,2,0.9048106448311156,0.4077339124295019,0.001,True,5,40
4,SubstitutionStrategy,3,0.9176049129989765,0.39581123475105534,0.001,True,5,60
4,SubstitutionStrategy,4,0.9293756397134084,0.38370748777543345,0.001,True,5,80
4,SubstitutionStrategy,5,0.932446264073695,0.37980099262729766,0.001,True,5,100
4,SubstitutionStrategy,6,0.936028659160696,0.3780476931602724,0.001,True,5,120
4,SubstitutionStrategy,7,0.9385875127942682,0.3742772273478969,0.001,True,5,140
4,SubstitutionStrategy,8,0.9421699078812692,0.37121875247647684,0.001,True,5,160
4,SubstitutionStrategy,9,0.9483111566018424,0.3659478656707271,0.001,True,5,180
4,SubstitutionStrategy,10,0.9483111566018424,0.36499445092293525,0.001,True,5,200
4,SubstitutionStrategy,11,0.9493346980552713,0.363295788726499,0.001,True,5,220
4,SubstitutionStrategy,12,0.9508700102354145,0.3621421158313751,0.001,True,5,240
4,MarginalizedSubstitutionStrategy,1,0.8510747185261003,0.46272554512946834,0.1,True,5,20
4,MarginalizedSubstitutionStrategy,2,0.8526100307062436,0.46208840897006376,0.1,True,5,40
4,MarginalizedSubstitutionStrategy,3,0.8940634595701126,0.41797772242176917,0.1,True,5,60
4,MarginalizedSubstitutionStrategy,4,0.9247697031729785,0.3882084786891937,0.1,True,5,80
4,MarginalizedSubstitutionStrategy,5,0.9503582395087001,0.3639224210093098,0.1,True,5,100
4,MarginalizedSubstitutionStrategy,1,0.8735926305015353,0.4393047152027007,0.01,True,5,20
4,MarginalizedSubstitutionStrategy,2,0.8899692937563971,0.423787118927125,0.01,True,5,40
4,MarginalizedSubstitutionStrategy,3,0.9380757420675537,0.37515364827648284,0.01,True,5,60
4,MarginalizedSubstitutionStrategy,4,0.9575230296827022,0.3559810576900359,0.01,True,5,80
4,MarginalizedSubstitutionStrategy,1,0.8418628454452405,0.4704287878928646,0.001,True,5,20
4,MarginalizedSubstitutionStrategy,2,0.8996929375639714,0.4138519908151319,0.001,True,5,40
4,MarginalizedSubstitutionStrategy,3,0.913510747185261,0.39985032043149393,0.001,True,5,60
4,MarginalizedSubstitutionStrategy,4,0.9181166837256909,0.39405704698254984,0.001,True,5,80
4,MarginalizedSubstitutionStrategy,5,0.917093142272262,0.39560291747893056,0.001,True,5,100
4,MarginalizedSubstitutionStrategy,6,0.9309109518935517,0.3835298611271766,0.001,True,5,120
4,MarginalizedSubstitutionStrategy,7,0.9329580348004094,0.38014290794249506,0.001,True,5,140
4,MarginalizedSubstitutionStrategy,8,0.9339815762538383,0.3790714798435088,0.001,True,5,160
4,MarginalizedSubstitutionStrategy,9,0.9437052200614124,0.36959440765842316,0.001,True,5,180
4,MarginalizedSubstitutionStrategy,10,0.9503582395087001,0.3621546520340827,0.001,True,5,200
4,AlternativeValueStrategy,1,0.8915046059365405,0.4217780722725776,0.1,True,5,20
4,AlternativeValueStrategy,2,0.9841351074718526,0.32933379277106256,0.1,True,5,40
4,AlternativeValueStrategy,1,0.7840327533265097,0.5281947072475187,0.01,True,5,20
4,AlternativeValueStrategy,2,0.8920163766632548,0.42095795081507775,0.01,True,5,40
4,AlternativeValueStrategy,3,0.9073694984646878,0.4046407053547521,0.01,True,5,60
4,AlternativeValueStrategy,4,0.9150460593654043,0.3980590489602858,0.01,True,5,80
4,AlternativeValueStrategy,5,0.946775844421699,0.3665704111899099,0.01,True,5,100
4,AlternativeValueStrategy,6,0.9508700102354145,0.3620928343265287,0.01,True,5,120
4,AlternativeValueStrategy,1,0.8213920163766633,0.49192733822330353,0.001,True,5,20
4,AlternativeValueStrategy,2,0.9037871033776868,0.40887732755753303,0.001,True,5,40
4,AlternativeValueStrategy,3,0.9196519959058342,0.3923052712794273,0.001,True,5,60
4,AlternativeValueStrategy,4,0.9503582395087001,0.36192105277892084,0.001,True,5,80
5,SubstitutionStrategy,1,0.9196519959058342,0.3939062645358424,0.1,True,5,25
5,SubstitutionStrategy,2,0.9165813715455476,0.3952167322558741,0.1,True,5,50
5,SubstitutionStrategy,3,0.9150460593654043,0.39826872368012706,0.1,True,5,75
5,SubstitutionStrategy,4,0.9155578300921188,0.3990948728976711,0.1,True,5,100
5,SubstitutionStrategy,5,0.9293756397134084,0.3832629246096457,0.1,True,5,125
5,SubstitutionStrategy,6,0.9242579324462641,0.3891686701005505,0.1,True,5,150
5,SubstitutionStrategy,7,0.9257932446264073,0.38768063629827193,0.1,True,5,175
5,SubstitutionStrategy,8,0.9611054247697032,0.3520129342232981,0.1,True,5,200
5,SubstitutionStrategy,1,0.7487205731832139,0.5642393923574879,0.01,True,5,25
5,SubstitutionStrategy,2,0.7968270214943706,0.5154606151965356,0.01,True,5,50
5,SubstitutionStrategy,3,0.9089048106448311,0.40426743030548096,0.01,True,5,75
5,SubstitutionStrategy,4,0.9314227226202662,0.3816234738596024,0.01,True,5,100
5,SubstitutionStrategy,5,0.9390992835209826,0.37501169693085457,0.01,True,5,125
5,SubstitutionStrategy,6,0.9575230296827022,0.3554977572733356,0.01,True,5,150
5,SubstitutionStrategy,1,0.8172978505629478,0.49570465760846294,0.001,True,5,25
5,SubstitutionStrategy,2,0.8879222108495394,0.42476147413253784,0.001,True,5,50
5,SubstitutionStrategy,3,0.9365404298874105,0.37709595022662995,0.001,True,5,75
5,SubstitutionStrategy,4,0.9406345957011258,0.37217647510190166,0.001,True,5,100
5,SubstitutionStrategy,5,0.9416581371545547,0.37203438628104424,0.001,True,5,125
5,SubstitutionStrategy,6,0.9477993858751279,0.365413490803011,0.001,True,5,150
5,SubstitutionStrategy,7,0.9508700102354145,0.363975626807059,0.001,True,5,175
5,MarginalizedSubstitutionStrategy,1,0.9232343909928352,0.38967448472976685,0.1,True,5,25
5,MarginalizedSubstitutionStrategy,2,0.9211873080859775,0.39130337295993683,0.1,True,5,50
5,MarginalizedSubstitutionStrategy,3,0.9263050153531218,0.38814723299395654,0.1,True,5,75
5,MarginalizedSubstitutionStrategy,4,0.9247697031729785,0.38824459814256235,0.1,True,5,100
5,MarginalizedSubstitutionStrategy,5,0.9390992835209826,0.37364656117654615,0.1,True,5,125
5,MarginalizedSubstitutionStrategy,6,0.9396110542476971,0.3736529311826152,0.1,True,5,150
5,MarginalizedSubstitutionStrategy,7,0.9626407369498464,0.3500561012375739,0.1,True,5,175
5,MarginalizedSubstitutionStrategy,1,0.8377686796315251,0.47480602995041876,0.01,True,5,25
5,MarginalizedSubstitutionStrategy,2,0.8398157625383829,0.472153756887682,0.01,True,5,50
5,MarginalizedSubstitutionStrategy,3,0.8382804503582395,0.4738404260527703,0.01,True,5,75
5,MarginalizedSubstitutionStrategy,4,0.8510747185261003,0.4607143469395176,0.01,True,5,100
5,MarginalizedSubstitutionStrategy,5,0.9406345957011258,0.3727376941711672,0.01,True,5,125
5,MarginalizedSubstitutionStrategy,6,0.9426816786079836,0.37070999126280507,0.01,True,5,150
5,MarginalizedSubstitutionStrategy,7,0.9534288638689867,0.3594469927972363,0.01,True,5,175
5,MarginalizedSubstitutionStrategy,1,0.842374616171955,0.47280371477527006,0.001,True,5,25
5,MarginalizedSubstitutionStrategy,2,0.8715455475946776,0.44079459194214116,0.001,True,5,50
5,MarginalizedSubstitutionStrategy,3,0.8761514841351075,0.4367122948169708,0.001,True,5,75
5,MarginalizedSubstitutionStrategy,4,0.8792221084953941,0.43366564569934724,0.001,True,5,100
5,MarginalizedSubstitutionStrategy,5,0.890992835209826,0.4214969565791468,0.001,True,5,125
5,MarginalizedSubstitutionStrategy,6,0.9022517911975435,0.4112587369257404,0.001,True,5,150
5,MarginalizedSubstitutionStrategy,7,0.9073694984646878,0.40531018184077355,0.001,True,5,175
5,MarginalizedSubstitutionStrategy,8,0.9431934493346981,0.36959189368832496,0.001,True,5,200
5,MarginalizedSubstitutionStrategy,9,0.9488229273285568,0.36455441963288093,0.001,True,5,225
5,MarginalizedSubstitutionStrategy,10,0.9529170931422722,0.3606141161534094,0.001,True,5,250
5,AlternativeValueStrategy,1,0.8121801432958035,0.5010505482073753,0.1,True,5,25
5,AlternativeValueStrategy,2,0.8674513817809621,0.44629900301656417,0.1,True,5,50
5,AlternativeValueStrategy,3,0.9314227226202662,0.38213627376864034,0.1,True,5,75
5,AlternativeValueStrategy,4,0.9288638689866939,0.3846700701021379,0.1,True,5,100
5,AlternativeValueStrategy,5,0.9273285568065507,0.38527610225062214,0.1,True,5,125
5,AlternativeValueStrategy,6,0.9350051177072671,0.37772016659859686,0.1,True,5,150
5,AlternativeValueStrategy,7,0.9329580348004094,0.380179391753289,0.1,True,5,175
5,AlternativeValueStrategy,8,0.9334698055271239,0.3792309145773611,0.1,True,5,200
5,AlternativeValueStrategy,9,0.9559877175025588,0.35709102307596513,0.1,True,5,225
5,AlternativeValueStrategy,1,0.8265097236438076,0.48687408239610735,0.01,True,5,25
5,AlternativeValueStrategy,2,0.8449334698055271,0.47029957655937443,0.01,True,5,50
5,AlternativeValueStrategy,3,0.8607983623336745,0.4530166550990074,0.01,True,5,75
5,AlternativeValueStrategy,4,0.8582395087001023,0.45466128568495473,0.01,True,5,100
5,AlternativeValueStrategy,5,0.9073694984646878,0.40676076277609796,0.01,True,5,125
5,AlternativeValueStrategy,6,0.9334698055271239,0.37998007766662106,0.01,True,5,150
5,AlternativeValueStrategy,7,0.932446264073695,0.3807128167921497,0.01,True,5,175
5,AlternativeValueStrategy,8,0.932446264073695,0.38067697421196967,0.01,True,5,200
5,AlternativeValueStrategy,9,0.9662231320368475,0.3474173363178007,0.01,True,5,225
5,AlternativeValueStrategy,1,0.6601842374616171,0.6520200025650763,0.001,True,5,25
5,AlternativeValueStrategy,2,0.887410440122825,0.4242462842695175,0.001,True,5,50
5,AlternativeValueStrategy,3,0.9222108495394064,0.39114765678682634,0.001,True,5,75
5,AlternativeValueStrategy,4,0.9319344933469805,0.38069133604726485,0.001,True,5,100
5,AlternativeValueStrategy,5,0.9524053224155579,0.3599648687147325,0.001,True,5,125
